threshold,f1,f2,precision,recall
0.05,0.8340579710144927,0.904874213836478,0.7378205128205129,0.9591666666666666
0.055,0.8375819373634378,0.9060825716987079,0.7438551099611902,0.9583333333333334
0.06,0.8397225264695144,0.9070831361413472,0.7472384665367121,0.9583333333333334
0.065,0.8433823529411765,0.9074367088607594,0.7546052631578948,0.9558333333333333
0.07,0.8489795918367347,0.9086576648133439,0.7652173913043478,0.9533333333333334
0.075,0.8504464285714286,0.9088740458015268,0.7681451612903226,0.9525
0.08,0.8532934131736527,0.9088010204081632,0.7744565217391305,0.95
0.08499999999999999,0.8551051051051051,0.9091634738186463,0.7780054644808743,0.9491666666666667
0.09,0.8538055764883196,0.9058202750239847,0.7792297111416782,0.9441666666666667
0.095,0.8547655068078669,0.9048686739269699,0.7825484764542936,0.9416666666666667
0.09999999999999999,0.8563829787234043,0.9042041078305519,0.7870111731843575,0.9391666666666667
0.105,0.8568164508758568,0.9034693221972374,0.7889200561009818,0.9375
0.10999999999999999,0.8586707410236822,0.9038275972981666,0.7926657263751763,0.9366666666666666
0.11499999999999999,0.8602068173113749,0.9040412171952986,0.7958894401133948,0.9358333333333333
0.12,0.8618699499807618,0.9033715115341184,0.8005718370264474,0.9333333333333333
0.12499999999999999,0.8644264194669756,0.9040232670867668,0.8056155507559395,0.9325
0.13,0.8642166344294003,0.9029911075181891,0.8064981949458484,0.9308333333333333
0.135,0.8667961165048543,0.9036437246963562,0.8116363636363636,0.93
0.13999999999999999,0.8690568978955573,0.9041518001946156,0.8162518301610542,0.9291666666666667
0.145,0.8676298320968372,0.9016393442622951,0.8163115356355621,0.9258333333333333
0.14999999999999997,0.8696673189823875,0.9025182778229082,0.8199261992619926,0.9258333333333333
0.15499999999999997,0.868916797488226,0.9002927781392323,0.8212166172106825,0.9225
0.15999999999999998,0.8702830188679245,0.90087890625,0.8236607142857143,0.9225
0.16499999999999998,0.8682965299684543,0.8971642764015645,0.8241017964071856,0.9175
0.16999999999999998,0.8706998813760379,0.8981889378365149,0.8284424379232506,0.9175
0.175,0.8714285714285714,0.8970588235294118,0.8318181818181818,0.915
0.18,0.8721207307386815,0.8973520758417783,0.8330804248861912,0.915
0.185,0.8710191082802548,0.8949607329842932,0.8338414634146342,0.9116666666666666
0.19,0.8709163346613545,0.8944353518821604,0.834351145038168,0.9108333333333334
0.195,0.8705035971223022,0.8923303834808259,0.836405529953917,0.9075
0.19999999999999996,0.8698438125750901,0.8906019353780548,0.8373168851195065,0.905
0.20499999999999996,0.8697394789579158,0.8900738310090238,0.8378378378378378,0.9041666666666667
0.20999999999999996,0.8695303091128062,0.889016581842062,0.838884585592564,0.9025
0.21499999999999997,0.8695303091128062,0.889016581842062,0.838884585592564,0.9025
0.21999999999999997,0.8696701528559936,0.8881038448899112,0.8405909797822706,0.9008333333333334
0.22499999999999998,0.8699154248892469,0.8877198750616472,0.8417770849571318,0.9
0.22999999999999998,0.8676351896690879,0.8843369529450477,0.8411580594679187,0.8958333333333334
0.235,0.8673139158576052,0.8827404479578392,0.8427672955974843,0.8933333333333333
0.24,0.8668831168831169,0.8806068601583114,0.8449367088607594,0.89
0.245,0.8670191134607564,0.8796831160257468,0.846703733121525,0.8883333333333333
0.24999999999999994,0.8658785161027314,0.8772509499421774,0.8475658419792498,0.885
0.25499999999999995,0.866231647634584,0.8773959021810972,0.8482428115015974,0.885
0.25999999999999995,0.865659452837893,0.8761778806414283,0.8486789431545236,0.8833333333333333
0.26499999999999996,0.8642681929681112,0.8741316572940787,0.848314606741573,0.8808333333333334
0.26999999999999996,0.8627611634575993,0.8715444462837278,0.8485092667203867,0.8775
0.27499999999999997,0.8613617719442166,0.8694932096720769,0.8481421647819063,0.875
0.27999999999999997,0.8613617719442166,0.8694932096720769,0.8481421647819063,0.875
0.285,0.8621966269025092,0.8688443044271266,0.851340373679935,0.8733333333333333
0.29,0.8607907742998353,0.8667883211678832,0.8509771986970684,0.8708333333333333
0.295,0.8605610561056105,0.8657038512616202,0.8521241830065359,0.8691666666666666
0.3,0.8611570247933884,0.8654485049833887,0.8540983606557377,0.8683333333333333
0.30499999999999994,0.859983429991715,0.862986365147988,0.8550247116968699,0.865
0.30999999999999994,0.8606965174129353,0.8632734530938124,0.8564356435643564,0.865
0.31499999999999995,0.8605809128630706,0.8627287853577371,0.8570247933884297,0.8641666666666666
0.31999999999999995,0.8609381486093814,0.8628723581294725,0.8577336641852771,0.8641666666666666
0.32499999999999996,0.8620116375727348,0.8633033633033633,0.8598673300165838,0.8641666666666666
0.32999999999999996,0.8615384615384616,0.8626144879267277,0.8597510373443984,0.8633333333333333
0.33499999999999996,0.8604748021657642,0.8606898850191634,0.8601165695253955,0.8608333333333333
0.33999999999999997,0.8603584827011255,0.8601433572262044,0.8607172643869891,0.86
0.3449999999999999,0.8603584827011255,0.8601433572262044,0.8607172643869891,0.86
0.3499999999999999,0.8589315525876461,0.8580720480320213,0.8603678929765887,0.8575
0.3549999999999999,0.8575010447137484,0.8559986651092941,0.8600167644593462,0.855
0.35999999999999993,0.8563049853372434,0.8535159512276599,0.8609941027801179,0.8516666666666667
0.36499999999999994,0.8563049853372434,0.8535159512276599,0.8609941027801179,0.8516666666666667
0.36999999999999994,0.8551028979420412,0.8510282561444574,0.8619813717188823,0.8483333333333334
0.37499999999999994,0.8540176693310896,0.8490881713234064,0.8623619371282922,0.8458333333333333
0.37999999999999995,0.8535353535353535,0.8483935742971888,0.8622448979591837,0.845
0.38499999999999995,0.8524451939291737,0.8464501004688546,0.8626279863481229,0.8425
0.38999999999999996,0.8524451939291737,0.8464501004688546,0.8626279863481229,0.8425
0.39499999999999996,0.8520710059171598,0.8447871270533021,0.8644939965694682,0.84
0.3999999999999999,0.851585623678647,0.8440905280804694,0.8643776824034335,0.8391666666666666
0.4049999999999999,0.8490245971162002,0.8400469956361195,0.8644214162348878,0.8341666666666666
0.4099999999999999,0.8475583864118896,0.837951301427372,0.8640692640692641,0.8316666666666667
0.4149999999999999,0.847428814279643,0.8373929111372417,0.8647007805724197,0.8308333333333333
0.41999999999999993,0.8463175819497658,0.8354345268112288,0.8651000870322019,0.8283333333333334
0.42499999999999993,0.8460554371002132,0.8343145500420521,0.8663755458515284,0.8266666666666667
0.42999999999999994,0.8459240290226205,0.8337539962981659,0.8670166229221348,0.8258333333333333
0.43499999999999994,0.8444444444444444,0.8316498316498316,0.8666666666666667,0.8233333333333334
0.43999999999999995,0.8439504061564771,0.8309479710388954,0.8665496049165935,0.8225
0.44499999999999995,0.8438168592212237,0.830385716691932,0.8671943711521548,0.8216666666666667
0.4499999999999999,0.8438168592212237,0.830385716691932,0.8671943711521548,0.8216666666666667
0.4549999999999999,0.8435490784397771,0.8292600707904938,0.8684907325684025,0.82
0.4599999999999999,0.8429184549356223,0.8279932546374368,0.8690265486725663,0.8183333333333334
0.4649999999999999,0.8409286328460877,0.8251771852851839,0.8685612788632326,0.815
0.4699999999999999,0.8392934080137872,0.8224961999662219,0.8688670829616414,0.8116666666666666
0.4749999999999999,0.8368671570748594,0.817966503129758,0.8703870387038704,0.8058333333333333
0.4799999999999999,0.8367258553486357,0.8173971907260111,0.8710550045085663,0.805
0.48499999999999993,0.8359375,0.8155487804878049,0.8722826086956522,0.8025
0.48999999999999994,0.8360156589821661,0.8145448381081539,0.8744313011828936,0.8008333333333333
0.49499999999999994,0.8363794604003482,0.8146829433706341,0.8752276867030966,0.8008333333333333
0.49999999999999994,0.8367435785807575,0.814821095472274,0.8760255241567912,0.8008333333333333
0.5049999999999999,0.8369659982563208,0.8143875127248049,0.8775137111517367,0.8
0.5099999999999999,0.8358862144420132,0.8113848768054376,0.880184331797235,0.7958333333333333
0.5149999999999999,0.834721613327488,0.8093861588165278,0.8806660499537465,0.7933333333333333
0.5199999999999999,0.834721613327488,0.8093861588165278,0.8806660499537465,0.7933333333333333
0.5249999999999999,0.8347978910369068,0.8083730428863172,0.8828996282527881,0.7916666666666666
0.5299999999999999,0.8350197976242851,0.8079346160395028,0.8844361602982292,0.7908333333333334
0.5349999999999999,0.8329660643455267,0.8050775259839836,0.8840037418147801,0.7875
0.5399999999999999,0.8324514991181657,0.8043626448534424,0.8838951310861424,0.7866666666666666
0.5449999999999999,0.8321554770318021,0.803206002728513,0.8853383458646616,0.785
0.5499999999999999,0.8308237378210807,0.800614544213042,0.8865784499054821,0.7816666666666666
0.5549999999999999,0.8310421286031042,0.8001707941929974,0.8881516587677725,0.7808333333333334
0.5599999999999999,0.831779849090102,0.8004442166410388,0.8898385565052231,0.7808333333333334
0.565,0.8305913739439751,0.7984270815524022,0.8903717826501429,0.7783333333333333
0.57,0.8300711743772242,0.7977086183310533,0.8902671755725191,0.7775
0.575,0.8290293855743545,0.7962709544988026,0.890057361376673,0.7758333333333334
0.58,0.8282016956715752,0.7943845231980825,0.8914505283381364,0.7733333333333333
0.585,0.8255813953488372,0.7907813570939,0.890926640926641,0.7691666666666667
0.59,0.8255813953488372,0.7907813570939,0.890926640926641,0.7691666666666667
0.595,0.8263205013428827,0.7910524511484401,0.8926499032882012,0.7691666666666667
0.6,0.8261648745519713,0.7904663923182441,0.8934108527131783,0.7683333333333333
0.605,0.8249551166965888,0.7884351407000686,0.8939688715953308,0.7658333333333334
0.61,0.8233707865168539,0.7862660944206008,0.8936585365853659,0.7633333333333333
0.615,0.8225225225225226,0.7843642611683849,0.8950980392156863,0.7608333333333334
0.62,0.8209291835814163,0.7821901323706378,0.8947885939036382,0.7583333333333333
0.625,0.8207674943566592,0.7815993121238177,0.8955665024630541,0.7575
0.63,0.8206055128784455,0.7810080853259934,0.8963474827245804,0.7566666666666667
0.635,0.819538670284939,0.7795560144553433,0.8961424332344213,0.755
0.6399999999999999,0.8190045248868778,0.7788296041308089,0.8960396039603961,0.7541666666666667
0.6449999999999999,0.818305391934753,0.7775099018426037,0.8967229394240318,0.7525
0.6499999999999999,0.8176043557168784,0.7761888352860097,0.897410358565737,0.7508333333333334
0.6549999999999999,0.8163636363636364,0.7741379310344828,0.898,0.7483333333333333
0.6599999999999999,0.8163636363636364,0.7741379310344828,0.898,0.7483333333333333
0.6649999999999999,0.816196542311192,0.773542600896861,0.8987975951903807,0.7475
0.6699999999999999,0.8151183970856102,0.7720841959972394,0.8985943775100401,0.7458333333333333
0.6749999999999999,0.8149498632634458,0.7714877459440801,0.8993963782696177,0.745
0.6799999999999999,0.8133272478320401,0.7692971852875151,0.8990918264379415,0.7425
0.6849999999999999,0.8109839816933638,0.7657735522904062,0.899492385786802,0.7383333333333333
0.69,0.8095456631482332,0.7631078041183595,0.9009193054136875,0.735
0.695,0.8091954022988506,0.7619047619047619,0.9025641025641026,0.7333333333333333
0.7,0.8093922651933702,0.7614345114345115,0.904320987654321,0.7325
0.705,0.8092165898617512,0.7608318890814558,0.9051546391752577,0.7316666666666667
0.71,0.8081180811808119,0.7593619972260749,0.9049586776859504,0.73
0.715,0.8070175438596491,0.7578910856746445,0.9047619047619048,0.7283333333333334
0.72,0.8053629218677762,0.7556828040950894,0.9044652128764278,0.7258333333333333
0.725,0.8031496062992126,0.7527348498003126,0.9040667361835245,0.7225
0.73,0.8024118738404453,0.7513898540653231,0.9048117154811716,0.7208333333333333
0.735,0.798510935318753,0.7462167333449296,0.9041095890410958,0.715
0.74,0.7977632805219013,0.744865993734772,0.904862579281184,0.7133333333333334
0.7449999999999999,0.7955182072829131,0.741901776384535,0.9044585987261147,0.71
0.7499999999999999,0.7913736521331458,0.7360893075178789,0.9046087888531619,0.7033333333333334
0.7549999999999999,0.7908067542213884,0.7353454291695743,0.9045064377682404,0.7025
0.7599999999999999,0.7885068299576071,0.7312598287611393,0.9068255687973997,0.6975
0.7649999999999999,0.786017949929145,0.7276543641770159,0.9073064340239912,0.6933333333333334
0.7699999999999999,0.7875059157595835,0.7281638368632942,0.9112814895947426,0.6933333333333334
0.7749999999999999,0.785781990521327,0.7259194395796847,0.910989010989011,0.6908333333333333
0.7799999999999999,0.784629981024668,0.7244218640504555,0.9107929515418502,0.6891666666666667
0.7849999999999999,0.7826913932477413,0.7215500613712081,0.9114064230343301,0.6858333333333333
0.7899999999999999,0.7814885496183206,0.7189255617977528,0.9140625,0.6825
0.7949999999999999,0.7779904306220096,0.7144112478031635,0.9134831460674158,0.6775
0.7999999999999999,0.7760191846522781,0.7115215479331575,0.9141242937853107,0.6741666666666667
0.8049999999999999,0.7734487734487735,0.7078711040676176,0.9146757679180887,0.67
0.8099999999999999,0.7714561234329798,0.7049700387733522,0.9153318077803204,0.6666666666666666
0.815,0.7692307692307693,0.7014293276866067,0.916955017301038,0.6625
0.82,0.7660194174757281,0.6969964664310954,0.9174418604651163,0.6575
0.825,0.7639902676399026,0.6940760389036251,0.9181286549707602,0.6541666666666667
0.83,0.7601367855398143,0.688861342305649,0.9185360094451004,0.6483333333333333
0.835,0.7583170254403131,0.6865698086463501,0.9182464454976303,0.6458333333333334
0.84,0.7568627450980392,0.6843971631205674,0.919047619047619,0.6433333333333333
0.845,0.7531956735496559,0.6798012069577565,0.9184652278177458,0.6383333333333333
0.8499999999999999,0.7495069033530573,0.6751954513148543,0.9178743961352657,0.6333333333333333
0.8549999999999999,0.7467853610286844,0.6714692280327286,0.9184914841849149,0.6291666666666667
0.8599999999999999,0.7440476190476191,0.6677350427350427,0.9191176470588235,0.625
0.8649999999999999,0.7417746759720838,0.6635747413485551,0.9230769230769231,0.62
0.8699999999999999,0.7408886669995007,0.6621452793146528,0.9240348692403487,0.6183333333333333
0.8749999999999999,0.7344064386317908,0.6531853972798854,0.9263959390862944,0.6083333333333333
0.8799999999999999,0.7324937027707809,0.6508504923903312,0.9261146496815287,0.6058333333333333
0.8849999999999999,0.7303995953464846,0.6473014165321858,0.9292149292149292,0.6016666666666667
0.8899999999999999,0.7269954245043213,0.6421771151428058,0.9322033898305084,0.5958333333333333
0.8949999999999999,0.7239263803680982,0.6371490280777538,0.9365079365079365,0.59
0.8999999999999999,0.7161257083977332,0.6271431149611983,0.9379217273954116,0.5791666666666667
0.9049999999999999,0.7119170984455958,0.6211573236889693,0.9410958904109589,0.5725
0.9099999999999999,0.7091383812010443,0.6155938349954669,0.9496503496503497,0.5658333333333333
0.9149999999999999,0.7044025157232704,0.6100217864923747,0.9491525423728814,0.56
0.9199999999999999,0.7011070110701108,0.6048753865744951,0.9540889526542324,0.5541666666666667
0.9249999999999999,0.6907545164718385,0.5928493250638454,0.9530791788856305,0.5416666666666666
0.9299999999999999,0.6816479400749064,0.5823733772170415,0.9521674140508222,0.5308333333333334
0.9349999999999999,0.6763597199784599,0.5754077331867327,0.9558599695585996,0.5233333333333333
0.94,0.6695604991861096,0.5667830240676097,0.9595645412130638,0.5141666666666667
0.945,0.6604702022963368,0.5562718732731626,0.9602543720190779,0.5033333333333333
0.95,0.650137741046832,0.5447830101569714,0.959349593495935,0.49166666666666664
