background_id,matched_positive_event_id,state,latitude,longitude,event_date,landslide,sample_type,is_confirmed_stable,min_distance_to_known_event_km,min_distance_to_other_background_km,random_seed
BG_0001,1048547,Assam,26.731604759333273,94.35249548602104,2004-07-15,0,matched_background_pseudo_absence,False,53.743330617301666,inf,42
BG_0002,1048389,Assam,26.074443020648907,91.08021471117131,2004-07-15,0,matched_background_pseudo_absence,False,24.394836023409596,333.98652763360974,42
BG_0003,1048386,Assam,26.226269176389273,93.80533817323608,2004-07-15,0,matched_background_pseudo_absence,False,67.9575578142348,78.25048644882905,42
BG_0004,1050630,Assam,26.39626717226049,91.09160596119045,2004-07-15,0,matched_background_pseudo_absence,False,17.26418339390434,35.80329417409514,42
BG_0005,1050635,Mizoram,23.74242823900069,93.20722763379439,2004-07-29,0,matched_background_pseudo_absence,False,19.511309279129854,282.69162796096305,42
BG_0006,938324,Sikkim,27.180949665961986,88.09756023583462,2004-09-02,0,matched_background_pseudo_absence,False,7.437024352098,309.7253866142878,42
BG_0007,1048548,Assam,26.935001186721536,94.79899006875554,2004-10-07,0,matched_background_pseudo_absence,False,70.93322277039965,49.74116181351471,42
BG_0008,1048377,Assam,26.253496769829923,92.09062865100057,2004-10-08,0,matched_background_pseudo_absence,False,16.808012268175847,100.82346937192702,42
BG_0009,1050658,Mizoram,23.537003359726715,93.2350407982325,2005-08-01,0,matched_background_pseudo_absence,False,13.998249516480692,23.017266308326093,42
BG_0010,1048549,Assam,26.47245725899581,93.79365367986004,2005-08-19,0,matched_background_pseudo_absence,False,51.79722717029468,27.399650913416636,42
BG_0011,1048378,Assam,26.761960498293778,93.218067234653,2005-08-24,0,matched_background_pseudo_absence,False,23.37243395732154,65.65305001621645,42
BG_0012,1048550,Assam,27.11245476550876,95.02473417732853,2005-08-24,0,matched_background_pseudo_absence,False,88.3046021602209,29.822204015749794,42
BG_0013,1048387,Assam,25.14393922691182,93.2459878330718,2005-08-24,0,matched_background_pseudo_absence,False,9.327273038904481,132.76163497798174,42
BG_0014,938387,Sikkim,28.021683724068893,88.54350132683378,2005-09-25,0,matched_background_pseudo_absence,False,20.4061061221899,103.29798520925344,42
BG_0015,1050584,Assam,26.542701486541002,90.39149472707574,2006-06-12,0,matched_background_pseudo_absence,False,60.983633095679515,71.56502613228862,42
BG_0016,1049243,Tripura,23.545370924681713,91.22479232546311,2006-06-13,0,matched_background_pseudo_absence,False,40.782747794897894,203.11620701755083,42
BG_0017,938444,Sikkim,27.752116743204116,88.255394309017,2006-08-03,0,matched_background_pseudo_absence,False,26.681126306069114,41.23413997299801,42
BG_0018,938422,Sikkim,27.535720472511255,88.11461153892144,2007-04-11,0,matched_background_pseudo_absence,False,21.773973178074115,27.77216702581084,42
BG_0019,938415,Sikkim,27.993028774543326,88.84092995487359,2007-05-23,0,matched_background_pseudo_absence,False,32.84859557260094,29.372703621577557,42
BG_0020,938390,Sikkim,27.75000489883242,88.28406313501387,2007-06-27,0,matched_background_pseudo_absence,False,23.85398171716486,2.830921105686528,42
BG_0021,1048380,Assam,27.325950841439408,95.25140284947352,2007-07-13,0,matched_background_pseudo_absence,False,111.63868082870134,32.64862045538134,42
BG_0022,938328,Sikkim,27.14023960879499,88.29228610888872,2007-07-16,0,matched_background_pseudo_absence,False,6.423661640069302,19.789630182848477,42
BG_0023,1048446,Assam,27.76810283106171,95.246901833597,2007-07-19,0,matched_background_pseudo_absence,False,126.34177993176338,49.16712848985025,42
BG_0024,1048441,Assam,26.00017250564627,90.23986174804719,2007-07-19,0,matched_background_pseudo_absence,False,23.991633317495136,62.192293987592535,42
BG_0025,1050662,Mizoram,23.903587051308193,92.33858205591375,2007-07-30,0,matched_background_pseudo_absence,False,23.788374464442445,90.1581658664478,42
BG_0026,1050668,Mizoram,22.272434202605208,93.1600754185129,2007-07-30,0,matched_background_pseudo_absence,False,30.35957408126998,140.82335145872935,42
BG_0027,938236,Sikkim,27.656449304426417,88.44439804631892,2007-08-02,0,matched_background_pseudo_absence,False,8.471712835743299,18.904454889812246,42
BG_0028,1050913,Manipur,24.22660019214865,93.72121956543329,2007-08-26,0,matched_background_pseudo_absence,False,16.199583762158912,75.00148037125686,42
BG_0029,1050834,Manipur,25.18976344237939,93.92730406982781,2007-08-26,0,matched_background_pseudo_absence,False,6.765743753439099,68.7564464125203,42
BG_0030,1050634,Assam,26.12131288752809,92.4670349958996,2007-08-26,0,matched_background_pseudo_absence,False,44.6772884358917,40.331969289609084,42
BG_0031,1057207,Manipur,24.242250702641172,93.37876324564381,2007-08-31,0,matched_background_pseudo_absence,False,10.497437826895139,34.76722692506906,42
BG_0032,938381,Sikkim,27.781518561963356,88.22926331893291,2007-09-07,0,matched_background_pseudo_absence,False,29.533481746849045,4.159194320265961,42
BG_0033,1057438,Manipur,24.894404722836555,94.63026311699993,2007-09-08,0,matched_background_pseudo_absence,False,15.678827830759891,78.06251646956932,42
BG_0034,938319,Sikkim,27.9028805400544,88.44203038871244,2007-09-09,0,matched_background_pseudo_absence,False,13.29483640905754,16.547832948058026,42
BG_0035,1057853,Manipur,24.634172119605473,93.14247210166457,2007-09-09,0,matched_background_pseudo_absence,False,19.49928169715965,49.71294185798568,42
BG_0036,1057817,Manipur,24.70104365347782,93.72200141243641,2007-09-10,0,matched_background_pseudo_absence,False,10.550816315281882,52.75583809675322,42
BG_0037,938445,Sikkim,27.786122326967984,88.67450723572448,2007-09-10,0,matched_background_pseudo_absence,False,5.323528249255378,26.287111164933204,42
BG_0038,938423,Sikkim,27.43553567001521,88.37851776259298,2007-09-10,0,matched_background_pseudo_absence,False,8.822761023807676,25.408695817046397,42
BG_0039,1057807,Manipur,24.666819006442722,93.30796346022855,2007-09-11,0,matched_background_pseudo_absence,False,14.742368687140955,17.11428016561733,42
BG_0040,938382,Sikkim,27.371772779455053,88.39598072285604,2007-09-11,0,matched_background_pseudo_absence,False,9.541827984375946,7.29668582557954,42
BG_0041,1048449,Assam,24.9560298280019,92.76745533281624,2007-09-13,0,matched_background_pseudo_absence,False,7.534491701136529,52.095193350349795,42
BG_0042,1048551,Assam,25.758611933116015,92.57388146032218,2007-09-15,0,matched_background_pseudo_absence,False,20.61389896349565,41.72167414847433,42
BG_0043,1050607,Assam,27.954013772670336,95.74806352094106,2007-09-16,0,matched_background_pseudo_absence,False,179.63071113178972,53.42830608362367,42
BG_0044,938298,Sikkim,27.390833895835065,88.15382055281145,2007-09-18,0,matched_background_pseudo_absence,False,5.251515634132131,16.56862367769993,42
BG_0045,1050582,Mizoram,24.141257961166637,92.84995073650757,2007-09-29,0,matched_background_pseudo_absence,False,13.740328865420908,54.80029688720676,42
BG_0046,1057849,Manipur,24.178318223739403,93.11263168803113,2007-10-19,0,matched_background_pseudo_absence,False,10.234547323835566,26.967077838409686,42
BG_0047,1050772,Manipur,24.91788128317036,93.71427718730607,2007-10-21,0,matched_background_pseudo_absence,False,11.082840510024987,24.123878745901607,42
BG_0048,1048552,Assam,27.508530678807443,95.26494039985563,2008-04-13,0,matched_background_pseudo_absence,False,117.44200975320535,20.345905750335508,42
BG_0049,1057337,Manipur,24.12612346150217,93.62610470789711,2008-06-09,0,matched_background_pseudo_absence,False,28.506897280812566,14.762165193851603,42
BG_0050,1057861,Assam,26.258034003400244,90.37498174857276,2008-06-14,0,matched_background_pseudo_absence,False,38.75825028455103,31.68746350174696,42
BG_0051,1057827,Assam,26.455960814747606,91.41961929987178,2008-06-15,0,matched_background_pseudo_absence,False,21.71310797596235,33.32993706823723,42
BG_0052,1054158,Manipur,24.21135545586331,94.24366745204111,2008-06-19,0,matched_background_pseudo_absence,False,14.47585091915054,53.00756252223517,42
BG_0053,1048553,Assam,27.437317552858698,94.72944138778692,2008-06-19,0,matched_background_pseudo_absence,False,64.63729599364194,46.43929884133159,42
BG_0054,1048400,Tripura,24.34359684837752,92.0719957640357,2008-07-15,0,matched_background_pseudo_absence,False,18.920334343620883,55.90858213302076,42
BG_0055,1057562,Assam,26.51668056159096,92.26657362323752,2008-08-14,0,matched_background_pseudo_absence,False,46.8035552832927,34.11144248184393,42
BG_0056,938418,Sikkim,28.004465472003755,88.74857915898255,2008-08-28,0,matched_background_pseudo_absence,False,26.430599243228006,9.155801003202646,42
BG_0057,1057851,Assam,27.450209812723067,94.76806947848928,2008-10-29,0,matched_background_pseudo_absence,False,68.70980203078236,4.0725325653951465,42
BG_0058,1048329,Assam,27.4292275713388,95.20998003331553,2008-10-29,0,matched_background_pseudo_absence,False,109.93048571129063,10.35185650432801,42
BG_0059,938396,Sikkim,27.93642901062441,88.21514549695229,2009-07-01,0,matched_background_pseudo_absence,False,35.2251264199107,17.281102343145694,42
BG_0060,938237,Sikkim,27.39973656000564,88.43081677280614,2009-08-19,0,matched_background_pseudo_absence,False,9.242229923363249,4.636660856872088,42
BG_0061,938364,Sikkim,27.318302845376724,88.73459252984676,2009-08-20,0,matched_background_pseudo_absence,False,5.592611614299399,31.336828731264195,42
BG_0062,938239,Sikkim,27.282132265300003,88.0349255791242,2009-08-20,0,matched_background_pseudo_absence,False,10.230771615253616,12.84270620987721,42
BG_0063,1050739,Assam,26.09771493372308,93.52934435024571,2009-08-20,0,matched_background_pseudo_absence,False,38.26239585682619,31.033310589504215,42
BG_0064,938397,Sikkim,27.68455867459603,88.3627181129377,2009-08-20,0,matched_background_pseudo_absence,False,16.30439636437111,8.629615569878661,42
BG_0065,1050792,Manipur,25.150455294441677,93.42242166200731,2009-08-20,0,matched_background_pseudo_absence,False,7.3488538745986,17.773880015584922,42
BG_0066,938454,Sikkim,27.834466453431112,88.5016726079687,2009-08-26,0,matched_background_pseudo_absence,False,5.3606999211407595,9.604327657728348,42
BG_0067,1050706,Assam,26.7083205293855,94.3871174046437,2009-08-27,0,matched_background_pseudo_absence,False,57.53103775471421,4.304411945535536,42
BG_0068,1057936,Manipur,24.391158609501495,94.24746786252034,2009-08-30,0,matched_background_pseudo_absence,False,6.912979887282781,19.996935386788763,42
BG_0069,938419,Sikkim,27.50804359563403,88.29389141728005,2009-09-17,0,matched_background_pseudo_absence,False,15.071617707167466,11.60642403954307,42
BG_0070,1050598,Mizoram,22.70398767431841,92.73149479420992,2009-10-05,0,matched_background_pseudo_absence,False,11.394865892941088,65.12707607776875,42
BG_0071,1050600,Mizoram,23.025958512493823,92.40706749513711,2009-10-06,0,matched_background_pseudo_absence,False,14.694831787409463,48.85335909947415,42
BG_0072,1056342,Manipur,25.091960290145746,94.6388668389186,2010-03-27,0,matched_background_pseudo_absence,False,22.309767133295907,21.984313960885235,42
BG_0073,1050647,Assam,26.237758802577364,91.6003583146702,2010-04-01,0,matched_background_pseudo_absence,False,9.128422940730218,30.216547775096643,42
BG_0074,1050679,Assam,26.360671837454184,92.41514231798031,2010-04-01,0,matched_background_pseudo_absence,False,41.289841860081765,22.797895868010748,42
BG_0075,938416,Sikkim,27.867743067268773,88.75551683447571,2010-04-17,0,matched_background_pseudo_absence,False,17.337248090361612,12.076056227079262,42
BG_0076,938417,Sikkim,27.578088563424835,88.2354631074933,2010-04-17,0,matched_background_pseudo_absence,False,22.945728342640713,9.687500477147841,42
BG_0077,1048279,Assam,26.551596919702117,92.3175290863292,2010-04-18,0,matched_background_pseudo_absence,False,53.160639823393666,6.385192462759104,42
BG_0078,1048419,Assam,27.089620266555155,94.44408100137568,2010-04-20,0,matched_background_pseudo_absence,False,32.00260308706785,39.137518081969176,42
BG_0079,1048414,Assam,25.13032357111863,92.69815486766186,2010-04-20,0,matched_background_pseudo_absence,False,12.881988700059523,20.599715620470604,42
BG_0080,1050648,Assam,26.58188090909644,91.26095436076476,2010-04-24,0,matched_background_pseudo_absence,False,27.662476902045093,21.10121380649519,42
BG_0081,938433,Sikkim,27.626535555144596,88.70781665597707,2010-05-31,0,matched_background_pseudo_absence,False,6.529309404393749,18.04570114265498,42
BG_0082,1050277,Assam,26.797765467040296,91.15998489457428,2010-06-03,0,matched_background_pseudo_absence,False,52.416448958696485,26.016845378783565,42
BG_0083,1050289,Assam,26.217331550502525,92.27429553217587,2010-06-03,0,matched_background_pseudo_absence,False,34.914904816577156,18.75519351287666,42
BG_0084,1048412,Tripura,23.26773200714715,91.64124396378843,2010-06-03,0,matched_background_pseudo_absence,False,9.83632446767937,52.526644782447086,42
BG_0085,1050796,Manipur,25.25605875339666,94.49048994958554,2010-06-07,0,matched_background_pseudo_absence,False,6.041322863795822,23.577682226422827,42
BG_0086,1048325,Assam,27.792959202284816,95.09169238677588,2010-06-09,0,matched_background_pseudo_absence,False,114.53385752577869,15.517429687209978,42
BG_0087,1050741,Assam,26.449911584432304,93.14970993590435,2010-06-15,0,matched_background_pseudo_absence,False,13.068784062064305,35.35759048523116,42
BG_0088,1050621,Assam,24.247557956052237,92.45272769369289,2010-06-16,0,matched_background_pseudo_absence,False,7.945801452056476,39.96483053471755,42
BG_0089,938438,Sikkim,27.792185446613125,88.31823110531914,2010-07-21,0,matched_background_pseudo_absence,False,21.175729730924708,5.770579906630191,42
BG_0090,938405,Sikkim,27.213390151384647,88.43724232880848,2010-07-21,0,matched_background_pseudo_absence,False,5.2338008153359725,16.48537224161342,42
BG_0091,1050620,Assam,26.300868293490385,92.18848668851426,2010-07-25,0,matched_background_pseudo_absence,False,27.53806942058483,11.087973667754724,42
BG_0092,1050795,Manipur,24.691142673314378,93.21125438564005,2010-07-29,0,matched_background_pseudo_absence,False,16.106958668228277,9.404298379937558,42
BG_0093,1057952,Manipur,24.537606641199822,93.0597137660904,2010-07-29,0,matched_background_pseudo_absence,False,25.43627476207193,13.613228550583157,42
BG_0094,1057833,Manipur,24.440463522544214,93.34602188487096,2010-07-29,0,matched_background_pseudo_absence,False,19.905310011855153,22.288498451151526,42
BG_0095,1054555,Manipur,24.537648190434513,94.3210524246647,2010-07-31,0,matched_background_pseudo_absence,False,18.03224116970907,17.910780829125045,42
BG_0096,1050835,Manipur,25.37935982658731,94.30469476643857,2010-08-01,0,matched_background_pseudo_absence,False,11.691413916653415,23.167625378842647,42
BG_0097,1050591,Mizoram,23.956816339810302,93.02364726184844,2010-08-06,0,matched_background_pseudo_absence,False,12.782046159791225,26.234594170178635,42
BG_0098,1050669,Mizoram,23.887154635361313,93.02554652164426,2010-08-12,0,matched_background_pseudo_absence,False,5.403418837889705,7.748444001308521,42
BG_0099,1057953,Manipur,24.116151354566984,93.0066578412365,2010-08-15,0,matched_background_pseudo_absence,False,7.231539940116524,12.782971457453147,42
BG_0100,1050786,Manipur,24.238062865382908,93.97107908406348,2010-08-19,0,matched_background_pseudo_absence,False,9.969113615259966,25.36717679508502,42
BG_0101,938326,Sikkim,27.884282610637943,88.64765967677508,2010-08-20,0,matched_background_pseudo_absence,False,10.34929691356667,10.759852567415054,42
BG_0102,1051132,Manipur,24.961705507187425,93.26818694665414,2010-08-24,0,matched_background_pseudo_absence,False,18.43343393280486,20.386508294407115,42
BG_0103,938384,Sikkim,27.19964747160188,88.69159795421072,2010-08-26,0,matched_background_pseudo_absence,False,5.305987572253203,13.861461234722423,42
BG_0104,1057859,Manipur,25.09201483354823,93.5239659170768,2010-08-27,0,matched_background_pseudo_absence,False,11.325892892388126,12.113696240128444,42
BG_0105,1050770,Manipur,24.998874264219296,94.19576876936759,2010-08-27,0,matched_background_pseudo_absence,False,5.292649892209877,34.37135318120369,42
BG_0106,938421,Sikkim,27.709560703197006,88.78441248710774,2010-08-27,0,matched_background_pseudo_absence,False,15.157539939554335,11.921789559776622,42
BG_0107,938451,Sikkim,27.4438276688714,88.72306850229607,2010-09-04,0,matched_background_pseudo_absence,False,7.861961696088383,14.004045755073435,42
BG_0108,1052259,Assam,25.444972702736088,92.89585892212897,2010-09-10,0,matched_background_pseudo_absence,False,13.022253306414196,40.23951844007727,42
BG_0109,1050589,Mizoram,24.062852041460225,93.25882746321639,2010-09-13,0,matched_background_pseudo_absence,False,18.368159051122927,19.620897781127002,42
BG_0110,1050665,Mizoram,24.07930363180985,93.00647853499315,2010-09-13,0,matched_background_pseudo_absence,False,11.12989563687733,4.09732591179651,42
BG_0111,1050659,Mizoram,23.064764976957335,93.09105871997959,2010-09-13,0,matched_background_pseudo_absence,False,31.082887270243504,54.46231807105205,42
BG_0112,1050638,Mizoram,24.026391156639146,92.57545842871967,2010-09-13,0,matched_background_pseudo_absence,False,9.591988428204068,27.56625104924117,42
BG_0113,1050611,Mizoram,23.188635442220306,92.89160492248368,2010-09-13,0,matched_background_pseudo_absence,False,14.307991299452999,24.611253401187238,42
BG_0114,1050685,Mizoram,23.827278794281174,92.77061545266312,2010-09-13,0,matched_background_pseudo_absence,False,8.670539829895338,26.766264497147326,42
BG_0115,1050590,Mizoram,24.13866051412099,92.57346919624378,2010-09-13,0,matched_background_pseudo_absence,False,12.083059252495714,12.485433411656581,42
BG_0116,1050592,Mizoram,23.515877557802387,92.8049717735965,2010-09-13,0,matched_background_pseudo_absence,False,6.548208948784799,34.80260584361504,42
BG_0117,1050585,Mizoram,23.99964384529446,92.50710593183707,2010-09-16,0,matched_background_pseudo_absence,False,16.857675500676482,7.552898173986442,42
BG_0118,1050707,Manipur,24.34644491880453,94.21452058375253,2010-09-16,0,matched_background_pseudo_absence,False,9.20712092963944,5.988070859924935,42
BG_0119,1057862,Manipur,25.2422471831668,93.8373211983724,2010-10-08,0,matched_background_pseudo_absence,False,9.699017182062777,10.77034539601183,42
BG_0120,1057706,Manipur,25.033562493975268,94.19575976280879,2010-10-08,0,matched_background_pseudo_absence,False,8.626098623152156,3.8571605976392473,42
BG_0121,1050768,Manipur,25.306878224693683,93.84130153178518,2010-10-08,0,matched_background_pseudo_absence,False,16.8436875572173,7.197789490268993,42
BG_0122,1056279,Manipur,24.244814171677913,93.13559281519717,2010-10-08,0,matched_background_pseudo_absence,False,6.986636988417708,7.752022638919091,42
BG_0123,1055067,Manipur,24.712635493672998,94.00227967429156,2010-10-09,0,matched_background_pseudo_absence,False,6.371716983713076,28.341934979375218,42
BG_0124,1050673,Assam,25.768186172634497,93.05359283555481,2010-10-09,0,matched_background_pseudo_absence,False,27.83713315272818,39.266125281607394,42
BG_0125,1050721,Assam,26.915261559774915,92.75833967591277,2010-10-09,0,matched_background_pseudo_absence,False,5.967817409654416,48.694082075363674,42
BG_0126,1057864,Manipur,24.01975518681486,93.47258849183646,2010-10-09,0,matched_background_pseudo_absence,False,34.1369378855275,19.565364121663265,42
BG_0127,1050670,Assam,25.825581846862995,92.66480545332004,2010-10-09,0,matched_background_pseudo_absence,False,23.381628947311004,11.760957839478717,42
BG_0128,1057788,Manipur,24.577765785551424,94.42907453407616,2010-10-09,0,matched_background_pseudo_absence,False,26.50247500670721,11.80063981500425,42
BG_0129,1050272,Assam,26.55037086488575,90.16674075052042,2011-05-04,0,matched_background_pseudo_absence,False,51.78448465811045,22.372976434129697,42
BG_0130,1050767,Manipur,24.110231164455808,93.0656118950107,2011-05-22,0,matched_background_pseudo_absence,False,11.399287337249088,6.019481560399694,42
BG_0131,1050644,Assam,25.3015479528674,93.25528627021845,2011-05-24,0,matched_background_pseudo_absence,False,12.242304782765272,17.550258271012797,42
BG_0132,1054637,Manipur,24.959977011795885,94.32675414679153,2011-05-31,0,matched_background_pseudo_absence,False,5.91300872315774,13.892936362915503,42
BG_0133,1051014,Manipur,24.96613607148811,94.07230931230721,2011-05-31,0,matched_background_pseudo_absence,False,5.665033472217677,12.965189792761104,42
BG_0134,1050836,Manipur,24.22516323454964,93.33915162057465,2011-05-31,0,matched_background_pseudo_absence,False,7.893020430256399,4.443225550073765,42
BG_0135,938357,Sikkim,27.82137523664565,88.22334415646974,2011-06-17,0,matched_background_pseudo_absence,False,31.03595344110994,4.469944383067753,42
BG_0136,938257,Sikkim,28.049062362464568,88.63670694907516,2011-06-23,0,matched_background_pseudo_absence,False,24.719289401295423,9.641145650802171,42
BG_0137,938245,Sikkim,27.735426254507377,88.72777659602669,2011-06-23,0,matched_background_pseudo_absence,False,9.328600946748136,6.272936721904301,42
BG_0138,938267,Sikkim,28.059302436872148,88.612950259452,2011-06-23,0,matched_background_pseudo_absence,False,25.181352139490755,2.594458482915397,42
BG_0139,1057681,Manipur,24.845179412214172,93.7247697290388,2011-06-28,0,matched_background_pseudo_absence,False,5.47881022404844,8.153083948308833,42
BG_0140,1050759,Assam,26.81994853387081,94.05048156967447,2011-06-29,0,matched_background_pseudo_absence,False,23.355905615811032,31.54990213430587,42
BG_0141,1051914,Manipur,23.982420327690757,93.84657771320411,2011-07-05,0,matched_background_pseudo_absence,False,13.914823751443214,27.50435466878143,42
BG_0142,1057027,Manipur,24.298297853695185,93.54235403435335,2011-07-06,0,matched_background_pseudo_absence,False,18.55633630862118,17.715179587247935,42
BG_0143,1057840,Manipur,24.333883230335918,94.16324317760501,2011-07-07,0,matched_background_pseudo_absence,False,10.68336410260025,5.379493757907151,42
BG_0144,938369,Sikkim,27.76318618635594,88.44006271135518,2011-07-20,0,matched_background_pseudo_absence,False,8.764077614515408,9.977287750478855,42
BG_0145,1057024,Manipur,24.00249760478468,93.84290621177436,2011-07-22,0,matched_background_pseudo_absence,False,14.079236148778355,2.2634365610795144,42
BG_0146,1057913,Manipur,24.45247690454448,93.58784286262485,2011-07-22,0,matched_background_pseudo_absence,False,15.028810709157305,17.752236048665434,42
BG_0147,1050672,Assam,26.796706385166907,91.78269056353615,2011-07-24,0,matched_background_pseudo_absence,False,34.262416164398175,52.32678355423463,42
BG_0148,1056334,Manipur,24.417545654882222,93.77743946341779,2011-07-25,0,matched_background_pseudo_absence,False,8.780926651924418,19.582965185587074,42
BG_0149,1057841,Manipur,25.055418623820827,94.72359337552746,2011-07-29,0,matched_background_pseudo_absence,False,29.677984683930177,9.451358615438817,42
BG_0150,938256,Sikkim,27.459124259346687,88.18354667035143,2011-08-23,0,matched_background_pseudo_absence,False,12.26830642247185,8.140634014635047,42
BG_0151,938431,Sikkim,27.73579433895211,88.69932059377882,2011-08-25,0,matched_background_pseudo_absence,False,6.529096297853231,2.800918056106879,42
BG_0152,1050700,Manipur,25.130871186035627,93.74779338449986,2011-09-06,0,matched_background_pseudo_absence,False,7.012765708870275,15.314361163179024,42
BG_0153,1048397,Assam,26.248888142878908,90.69942219721527,2011-09-23,0,matched_background_pseudo_absence,False,55.68520606756351,32.37075038445785,42
BG_0154,1048398,Assam,24.586759737389897,92.61457398114706,2012-06-02,0,matched_background_pseudo_absence,False,9.912401503993637,41.123524487764804,42
BG_0155,938404,Sikkim,27.602477272715443,88.76795620556504,2012-06-03,0,matched_background_pseudo_absence,False,11.99033684891417,6.501347287857848,42
BG_0156,1050674,Assam,25.60741753218399,93.18214480871484,2012-06-03,0,matched_background_pseudo_absence,False,9.716175920087926,22.034333937935696,42
BG_0157,1050708,Assam,27.450067545155218,95.25522201777991,2012-06-03,0,matched_background_pseudo_absence,False,114.84212385124052,5.030267608144837,42
BG_0158,1050652,Assam,24.70615079243555,92.79272712626,2012-06-03,0,matched_background_pseudo_absence,False,7.516101127893963,22.370198400676607,42
BG_0159,938452,Sikkim,27.64976050069439,88.51388142035276,2012-06-07,0,matched_background_pseudo_absence,False,6.669511831838067,6.883970579923421,42
BG_0160,938430,Sikkim,27.417143510208103,88.42632089858496,2012-06-07,0,matched_background_pseudo_absence,False,8.147990371603015,1.9857947187827265,42
BG_0161,938436,Sikkim,27.811450014327864,88.18451666475251,2012-06-07,0,matched_background_pseudo_absence,False,34.46442508388368,3.9748244146012,42
BG_0162,1050898,Manipur,24.267057994000364,93.98496740697945,2012-06-10,0,matched_background_pseudo_absence,False,7.0348682395013835,3.5181580105874266,42
BG_0163,938414,Sikkim,27.819561813037208,88.68867799440928,2012-06-14,0,matched_background_pseudo_absence,False,8.95861954031327,3.9709596027750425,42
BG_0164,1048396,Assam,26.062691036956487,89.93253581779355,2012-06-20,0,matched_background_pseudo_absence,False,10.459831901999214,31.483460988499996,42
BG_0165,1048382,Assam,25.888708621500676,93.0221811819059,2012-06-22,0,matched_background_pseudo_absence,False,23.587447286857458,13.76533245628312,42
BG_0166,1048404,Assam,26.79298966014766,91.83803121630467,2012-06-22,0,matched_background_pseudo_absence,False,35.263365174474636,5.508398564175996,42
BG_0167,1048399,Assam,27.432099976725116,95.0846994951408,2012-06-25,0,matched_background_pseudo_absence,False,98.1139218463622,12.368474186715002,42
BG_0168,1048402,Assam,27.048795547678584,94.24030612115095,2012-06-25,0,matched_background_pseudo_absence,False,17.42148270201843,20.681027042539217,42
BG_0169,1050675,Assam,26.55694964632381,90.13096520643501,2012-06-26,0,matched_background_pseudo_absence,False,51.66434157875572,3.632856664712722,42
BG_0170,1048390,Assam,26.566870926587686,90.32068198552423,2012-06-26,0,matched_background_pseudo_absence,False,59.39679571881535,7.538694915934379,42
BG_0171,1048379,Assam,26.173436867240905,90.61848383033545,2012-06-27,0,matched_background_pseudo_absence,False,59.494174167065154,11.644162840322425,42
BG_0172,1050631,Assam,26.3897702028578,91.8822932108542,2012-06-30,0,matched_background_pseudo_absence,False,18.45407224855874,25.705162597440292,42
BG_0173,938393,Sikkim,27.483171608118624,88.19409538785574,2012-07-11,0,matched_background_pseudo_absence,False,14.955516258072478,2.8693309715351467,42
BG_0174,1050664,Mizoram,22.55318341034111,92.826787472787,2012-07-21,0,matched_background_pseudo_absence,False,7.748291509186526,19.41248730400689,42
BG_0175,938329,Sikkim,27.67337238842374,88.26233510858971,2012-09-01,0,matched_background_pseudo_absence,False,23.63201693298362,8.782602315819078,42
BG_0176,1057115,Manipur,25.217159659545224,94.18722626870534,2012-09-14,0,matched_background_pseudo_absence,False,14.780836223747533,20.433169691423913,42
BG_0177,938325,Sikkim,27.9178256658008,88.27295573803258,2012-09-16,0,matched_background_pseudo_absence,False,29.185304461068633,6.044590816162615,42
BG_0178,938412,Sikkim,27.836038949731233,88.62798427952181,2012-09-19,0,matched_background_pseudo_absence,False,7.083307814420342,5.702509515142966,42
BG_0179,938401,Sikkim,27.959255433243346,88.6111355393025,2012-09-19,0,matched_background_pseudo_absence,False,14.479389605462424,9.076150875877763,42
BG_0180,938394,Sikkim,28.02754060552233,88.58308884452249,2012-09-19,0,matched_background_pseudo_absence,False,21.188172893262855,3.939988888696154,42
BG_0181,938410,Sikkim,27.68769213022747,88.41315462716798,2012-09-19,0,matched_background_pseudo_absence,False,12.763922838148845,4.640622433612273,42
BG_0182,1050544,Mizoram,24.29804176678693,92.88297216349703,2012-10-11,0,matched_background_pseudo_absence,False,16.71404545078813,17.752274816712344,42
BG_0183,1050577,Mizoram,23.184379154788395,93.2294807959908,2012-10-11,0,matched_background_pseudo_absence,False,23.7553150059582,19.423494510899367,42
BG_0184,1050525,Mizoram,23.867355496047285,93.2080168392735,2012-11-11,0,matched_background_pseudo_absence,False,16.125159035779077,13.891528401562095,42
BG_0185,938377,Sikkim,27.90924297429654,88.34511006028679,2013-04-14,0,matched_background_pseudo_absence,False,22.171588476570847,7.153690774415745,42
BG_0186,1050580,Mizoram,23.677123853776326,92.7932707094394,2013-05-07,0,matched_background_pseudo_absence,False,7.0548307241531365,16.85495103067726,42
BG_0187,1048344,Tripura,23.8677343922001,91.94457574174953,2013-05-08,0,matched_background_pseudo_absence,False,5.055924172450658,40.25720561750809,42
BG_0188,1048341,Tripura,24.383710143104274,92.12370734207177,2013-05-08,0,matched_background_pseudo_absence,False,12.226072118591695,6.879815026235653,42
BG_0189,1050660,Mizoram,22.994609332952336,92.61332161708764,2013-05-10,0,matched_background_pseudo_absence,False,11.349320590781796,21.395534292872174,42
BG_0190,1050594,Mizoram,23.21218411004549,92.61588579603816,2013-05-11,0,matched_background_pseudo_absence,False,23.839828155710876,24.194666192264524,42
BG_0191,1048381,Assam,26.986426590466234,93.93552450930135,2013-05-11,0,matched_background_pseudo_absence,False,7.836414149550416,21.739807875114646,42
BG_0192,1048368,Assam,24.516018917527614,92.32033174596293,2013-05-11,0,matched_background_pseudo_absence,False,9.045426786638451,24.750254930247205,42
BG_0193,1048413,Assam,25.7014977151918,92.79087365512174,2013-05-11,0,matched_background_pseudo_absence,False,12.26081466778382,18.7017399409969,42
BG_0194,1050783,Manipur,24.657096039778395,93.62788397150052,2013-05-12,0,matched_background_pseudo_absence,False,11.14040640287344,10.691627280631826,42
BG_0195,938449,Sikkim,27.497283141493455,88.33867154454254,2013-06-08,0,matched_background_pseudo_absence,False,10.54318004919034,4.575817080189238,42
BG_0196,938453,Sikkim,27.207651589119635,88.18556495644621,2013-06-27,0,matched_background_pseudo_absence,False,7.29789637876401,9.19648254283224,42
BG_0197,1057781,Manipur,24.678165470318525,94.4750567066873,2013-08-09,0,matched_background_pseudo_absence,False,19.79837166912039,12.092830642613363,42
BG_0198,1057887,Manipur,25.02575797860144,94.1463657546519,2013-08-15,0,matched_background_pseudo_absence,False,10.035258753001159,5.051675663968162,42
BG_0199,1050773,Manipur,24.234320524788654,93.33803294235148,2013-08-17,0,matched_background_pseudo_absence,False,7.17291648902104,1.0245444409769864,42
BG_0200,938247,Sikkim,27.419236262714076,88.22919710573251,2013-09-01,0,matched_background_pseudo_absence,False,8.634708754679576,6.322004877449043,42
BG_0201,1050798,Manipur,24.810832575363065,94.28643540499738,2013-09-01,0,matched_background_pseudo_absence,False,6.989450283342026,17.07552675037441,42
BG_0202,1050780,Manipur,24.718185231218456,94.29343844776,2013-09-01,0,matched_background_pseudo_absence,False,12.82287074794678,10.326166633700806,42
BG_0203,938260,Sikkim,27.618074912025744,88.71888118067086,2013-09-01,0,matched_background_pseudo_absence,False,7.304517814416439,1.4399210081206917,42
BG_0204,938450,Sikkim,27.60821069982224,88.11234650666478,2013-09-07,0,matched_background_pseudo_absence,False,29.661777818716537,8.063647866680114,42
BG_0205,938437,Sikkim,27.989316118399586,88.72360493853138,2013-09-08,0,matched_background_pseudo_absence,False,23.50412573576586,2.9749087474700855,42
BG_0206,1048555,Assam,25.892982897144677,92.99374568602651,2013-10-06,0,matched_background_pseudo_absence,False,24.838556445114218,2.883953651732555,42
BG_0207,1048374,Assam,25.676573312815442,92.72537456670906,2013-10-06,0,matched_background_pseudo_absence,False,6.576668278321822,7.124468416310899,42
BG_0208,1048492,Assam,26.469260195887294,90.20913174218929,2013-10-06,0,matched_background_pseudo_absence,False,44.697325350808484,9.956724421053682,42
BG_0209,1057980,Manipur,24.344116490235542,93.08703175255081,2013-10-13,0,matched_background_pseudo_absence,False,5.650251855723041,12.089085999037883,42
BG_0210,1050217,Assam,26.23936665358692,93.69912722827465,2014-05-09,0,matched_background_pseudo_absence,False,58.237014547863524,10.693392297528385,42
BG_0211,1050273,Assam,25.876387018541386,93.05128574313204,2014-05-10,0,matched_background_pseudo_absence,False,23.420212411006666,3.217905021657619,42
BG_0212,938395,Sikkim,27.974426115596284,88.64975813734323,2014-06-24,0,matched_background_pseudo_absence,False,17.700950040643583,4.151305666425116,42
BG_0213,1048416,Assam,25.012586675944803,92.55205848396879,2014-06-26,0,matched_background_pseudo_absence,False,9.675723842901935,19.69550445444417,42
BG_0214,1048421,Assam,24.5009238388417,92.32731521457445,2014-06-26,0,matched_background_pseudo_absence,False,10.294193326936277,1.8211499937333222,42
BG_0215,1048440,Assam,26.687147041765037,92.39540029548192,2014-06-26,0,matched_background_pseudo_absence,False,49.25975016331303,16.944163451929885,42
BG_0216,1048422,Assam,26.29010800728956,93.40457993587913,2014-06-27,0,matched_background_pseudo_absence,False,35.57193392328331,24.75140338971347,42
BG_0217,1048417,Assam,26.688039358175676,91.93305173058111,2014-06-28,0,matched_background_pseudo_absence,False,30.182601112926402,15.007426886134706,42
BG_0218,1050601,Mizoram,22.848448771837695,92.9649982990129,2014-07-14,0,matched_background_pseudo_absence,False,19.280444599137503,27.29752685660804,42
BG_0219,1050612,Mizoram,22.51974345219015,93.03142114386479,2014-07-14,0,matched_background_pseudo_absence,False,8.020225166537516,21.343044540449277,42
BG_0220,1050649,Assam,27.317494935816686,95.56965193792624,2014-07-27,0,matched_background_pseudo_absence,False,142.71426053444577,31.454041539668157,42
BG_0221,1048384,Tripura,23.22576755132243,91.46588150381419,2014-08-14,0,matched_background_pseudo_absence,False,12.231580406577741,18.514034096029473,42
BG_0222,1048357,Tripura,23.838762464757746,92.17810060617859,2014-08-14,0,matched_background_pseudo_absence,False,28.938403391658998,17.839381413946516,42
BG_0223,1048376,Assam,26.505852163008594,90.6933035469236,2014-09-22,0,matched_background_pseudo_absence,False,58.663238761497055,28.57963539325186,42
BG_0224,1048375,Assam,25.998911608227832,93.88151116482386,2014-09-22,0,matched_background_pseudo_absence,False,52.54912087366452,26.40028585856449,42
BG_0225,1048444,Assam,26.43484781523455,92.19634231072695,2014-09-22,0,matched_background_pseudo_absence,False,35.52657298484761,11.474496612872402,42
BG_0226,1048409,Assam,27.228282819916473,94.96471640152511,2014-09-22,0,matched_background_pseudo_absence,False,82.27358466480035,14.182129143285572,42
BG_0227,1048448,Assam,27.442715519106432,95.51959231113669,2014-09-22,0,matched_background_pseudo_absence,False,140.01478251632219,14.775205847975496,42
BG_0228,1048491,Assam,26.335415797353555,93.33692730162652,2014-09-22,0,matched_background_pseudo_absence,False,32.80073394327442,8.417377770395833,42
BG_0229,1048479,Assam,26.14580800428415,93.41978517881658,2014-09-22,0,matched_background_pseudo_absence,False,28.50696068512856,12.175415100487248,42
BG_0230,1048431,Assam,26.094110584937997,90.7610629053801,2014-09-22,0,matched_background_pseudo_absence,False,49.74186275208144,16.744888741916892,42
BG_0231,1048367,Assam,26.09207317183287,90.41915699177827,2014-09-22,0,matched_background_pseudo_absence,False,39.08582139421433,18.973259662355108,42
BG_0232,1048429,Assam,27.277177212446812,94.29504082773805,2014-09-23,0,matched_background_pseudo_absence,False,18.291614620500233,25.53970605645974,42
BG_0233,1048411,Assam,27.050618635018363,94.46608026546637,2014-09-23,0,matched_background_pseudo_absence,False,35.53832485442152,4.853083722567285,42
BG_0234,1050362,Assam,26.572817570198236,93.26572673080439,2015-03-19,0,matched_background_pseudo_absence,False,13.323608872622017,17.889582486462185,42
BG_0235,1050609,Mizoram,22.3306560773743,92.99661090199533,2015-06-19,0,matched_background_pseudo_absence,False,16.77363953380975,18.01995040858103,42
BG_0236,1051726,Manipur,24.343480125136818,93.50775564831609,2015-06-19,0,matched_background_pseudo_absence,False,20.4095148687357,6.126279176055493,42
BG_0237,1050650,Assam,25.910890582898112,92.90285442771548,2015-07-21,0,matched_background_pseudo_absence,False,30.086182078005532,9.306888703812845,42
BG_0238,1057821,Manipur,25.30480540639589,93.9539526306467,2015-07-22,0,matched_background_pseudo_absence,False,7.554185460918162,11.326561374759505,42
BG_0239,1057376,Manipur,25.044594307617214,94.40725270497548,2015-07-22,0,matched_background_pseudo_absence,False,6.945696487087264,12.423299138987016,42
BG_0240,1050671,Assam,26.875874811291123,91.86884695527986,2015-07-22,0,matched_background_pseudo_absence,False,44.97283971096371,9.710362471231448,42
BG_0241,1057795,Manipur,24.153657808827855,93.86565676958611,2015-07-22,0,matched_background_pseudo_absence,False,18.376325569580032,14.227381629376792,42
BG_0242,1057403,Manipur,24.64664001131817,93.41004010325578,2015-07-22,0,matched_background_pseudo_absence,False,11.141588727857936,10.556741436939387,42
BG_0243,1055274,Manipur,24.525984944347016,93.25214322625955,2015-07-22,0,matched_background_pseudo_absence,False,24.69666149565916,13.441939930562635,42
BG_0244,1050805,Manipur,24.592752248139217,93.47240198263474,2015-07-24,0,matched_background_pseudo_absence,False,13.391241312715454,8.697387414386164,42
BG_0245,1048518,Assam,26.429328411088413,91.83680474454177,2015-07-25,0,matched_background_pseudo_absence,False,13.525272327797662,6.314368744028085,42
BG_0246,1057918,Manipur,24.36109016536987,94.17406165201709,2015-07-31,0,matched_background_pseudo_absence,False,7.4798172826734195,3.217678913948178,42
BG_0247,1057912,Manipur,24.916147337344018,93.561941693517,2015-07-31,0,matched_background_pseudo_absence,False,5.194851083388219,15.36347049835222,42
BG_0248,1057368,Manipur,24.48317198695572,93.22141842632067,2015-08-01,0,matched_background_pseudo_absence,False,19.090562710093728,5.685715784498624,42
BG_0249,1057951,Manipur,25.13129861246513,94.68735998578825,2015-08-01,0,matched_background_pseudo_absence,False,25.071998125926424,6.555386740423376,42
BG_0250,1057769,Manipur,24.9390151368065,93.66590096893168,2015-08-01,0,matched_background_pseudo_absence,False,9.458360126315611,5.414583894789521,42
BG_0251,1057839,Manipur,25.07857325326139,94.41322965203045,2015-08-01,0,matched_background_pseudo_absence,False,6.609998694888034,3.8259554454236158,42
BG_0252,1057829,Manipur,24.811404772808217,94.18654311951933,2015-08-01,0,matched_background_pseudo_absence,False,15.701582309301346,10.082462423705968,42
BG_0253,1057940,Manipur,24.61996108142638,94.11665916973736,2015-08-01,0,matched_background_pseudo_absence,False,14.652562865904255,15.484747729760366,42
BG_0254,1057825,Manipur,24.506923081558934,93.61244537318079,2015-08-01,0,matched_background_pseudo_absence,False,17.8161525454864,6.546114487578982,42
BG_0255,1057865,Manipur,25.475573156696775,94.45214618508216,2015-08-01,0,matched_background_pseudo_absence,False,16.0616250465309,18.268049484629934,42
BG_0256,1057888,Manipur,24.45890126309209,93.03747072461515,2015-08-01,0,matched_background_pseudo_absence,False,18.832658668357993,9.036417058358886,42
BG_0257,1057893,Manipur,24.134489270107082,93.63886593859047,2015-08-01,0,matched_background_pseudo_absence,False,27.26161998463928,1.5944734353206131,42
BG_0258,1057815,Manipur,25.266288786266475,94.44544909492596,2015-08-01,0,matched_background_pseudo_absence,False,6.090117390908835,4.670043319142893,42
BG_0259,1057810,Manipur,24.596635912982503,93.74700797653003,2015-08-01,0,matched_background_pseudo_absence,False,19.784468816225537,11.881514344276487,42
BG_0260,1057780,Manipur,24.27443370097582,94.17048417193601,2015-08-01,0,matched_background_pseudo_absence,False,10.78304567238045,6.651098780844014,42
BG_0261,1057923,Manipur,24.362541898618908,93.75858498765463,2015-08-01,0,matched_background_pseudo_absence,False,5.3389963103231555,6.407272834307281,42
BG_0262,1057820,Manipur,24.667403476541807,94.29853252605372,2015-08-01,0,matched_background_pseudo_absence,False,17.79844225163976,5.67008516727512,42
BG_0263,1050841,Manipur,24.408159525186402,93.91792768027072,2015-08-11,0,matched_background_pseudo_absence,False,14.190985720547857,14.263122796181438,42
BG_0264,1050762,Manipur,24.704744629582994,94.40513780957414,2015-08-11,0,matched_background_pseudo_absence,False,13.67239415974304,7.657164412705768,42
BG_0265,1050771,Manipur,24.356674801724626,93.78959976041972,2015-08-11,0,matched_background_pseudo_absence,False,8.547528132580565,3.208691612112485,42
BG_0266,1048527,Assam,26.15922109860999,92.1117224295734,2015-08-22,0,matched_background_pseudo_absence,False,18.31549832288418,10.692132884378823,42
BG_0267,1050683,Mizoram,23.595466076889252,92.55177999314128,2015-08-26,0,matched_background_pseudo_absence,False,19.70246758466776,26.22211962839023,42
BG_0268,1050618,Mizoram,23.37193253871399,93.28776788208066,2015-08-26,0,matched_background_pseudo_absence,False,20.81559299651608,19.126875158713123,42
BG_0269,1050578,Mizoram,24.123642181874516,92.37794222926603,2015-08-27,0,matched_background_pseudo_absence,False,18.418154507169998,15.728985247345898,42
BG_0270,1050677,Mizoram,24.382994155711508,92.77285375377738,2015-08-27,0,matched_background_pseudo_absence,False,15.920861982293049,14.618265207206258,42
BG_0271,1050606,Mizoram,23.10511957581938,92.51880194626597,2015-08-27,0,matched_background_pseudo_absence,False,22.419745795278427,14.427424405093802,42
BG_0272,1050624,Mizoram,23.982997906879433,93.02343097631766,2015-08-28,0,matched_background_pseudo_absence,False,15.638644554071268,2.911344392407661,42
BG_0273,1048364,Assam,24.561414895989834,92.58718490683394,2015-09-01,0,matched_background_pseudo_absence,False,5.982923712609733,3.9513916772245152,42
BG_0274,1048385,Assam,26.112874734024352,89.80246020594117,2015-09-01,0,matched_background_pseudo_absence,False,22.54410213314407,14.138039874003162,42
BG_0275,1048363,Assam,26.49423648245945,92.41103954769414,2015-09-01,0,matched_background_pseudo_absence,False,44.36559632122105,11.27998594723674,42
BG_0276,1050597,Mizoram,23.01595106489595,92.5406490577373,2015-09-14,0,matched_background_pseudo_absence,False,13.89322763381178,7.8075414646037276,42
BG_0277,1050596,Mizoram,22.162064896267726,93.04042473778304,2015-09-14,0,matched_background_pseudo_absence,False,36.0418601395887,17.387298826586974,42
BG_0278,1048373,Assam,26.082007860246108,93.02286591872307,2015-09-23,0,matched_background_pseudo_absence,False,12.551873880981887,21.21921826252207,42
BG_0279,1050120,Assam,25.939361853640516,92.16594918742302,2016-05-18,0,matched_background_pseudo_absence,False,31.74353612120418,25.040269793512973,42
BG_0280,1050474,Assam,26.545811636210214,94.33018756742983,2016-05-18,0,matched_background_pseudo_absence,False,64.42992140054254,18.935557010680608,42
BG_0281,1050501,Assam,26.955923677793034,94.57385732650908,2016-05-18,0,matched_background_pseudo_absence,False,49.77998893334497,14.996241697899421,42
BG_0282,1050604,Assam,26.803286194895552,92.63463740869734,2016-05-18,0,matched_background_pseudo_absence,False,23.156506561672757,17.48175184096964,42
BG_0283,1050605,Assam,25.1077803260968,93.13011029492374,2016-05-18,0,matched_background_pseudo_absence,False,7.15456364098974,12.339236754603938,42
BG_0284,1050608,Assam,25.368190345547426,93.1455524699499,2016-05-18,0,matched_background_pseudo_absence,False,7.21832642244743,13.28669538494844,42
BG_0285,1050541,Assam,26.67108221430697,90.20457203557153,2016-05-18,0,matched_background_pseudo_absence,False,65.72394501362864,13.939482287685506,42
BG_0286,1050561,Assam,26.447491639270027,91.63540436297903,2016-05-19,0,matched_background_pseudo_absence,False,9.969435193093615,20.15399442363215,42
BG_0287,1050602,Mizoram,22.050453843273225,92.67152577426549,2016-05-21,0,matched_background_pseudo_absence,False,56.526400324581616,39.979337078817025,42
BG_0288,1048435,Assam,26.581309832539972,90.17280080960484,2016-06-22,0,matched_background_pseudo_absence,False,55.26155310303221,3.4926563503667807,42
BG_0289,1048437,Assam,26.46648142059043,90.60085125327032,2016-06-22,0,matched_background_pseudo_absence,False,66.32870397952992,10.189620453588514,42
BG_0290,1048340,Assam,26.456977184490352,93.2831225344648,2016-07-07,0,matched_background_pseudo_absence,False,19.34424180997234,12.99665382906733,42
BG_0291,1048473,Assam,26.166892117808715,93.32531655388735,2016-07-07,0,matched_background_pseudo_absence,False,20.850645465552684,9.715834616097318,42
BG_0292,1057911,Manipur,25.0403620899617,93.67668094573358,2016-07-07,0,matched_background_pseudo_absence,False,13.336201656846717,11.321534113298837,42
BG_0293,938407,Sikkim,27.198509578839666,88.23978715808354,2016-07-09,0,matched_background_pseudo_absence,False,6.807211828848818,5.457861689171004,42
BG_0294,1048423,Assam,26.290438983967192,92.14404468641672,2016-07-14,0,matched_background_pseudo_absence,False,22.963068881527004,4.5796267336517875,42
BG_0295,1048467,Assam,24.60659328090889,92.8025840882946,2016-07-14,0,matched_background_pseudo_absence,False,12.18862319082421,11.115030724232907,42
BG_0296,1048557,Assam,26.751662669773435,90.25336765939855,2016-07-14,0,matched_background_pseudo_absence,False,75.69052802473894,10.18703869075708,42
BG_0297,1048458,Assam,26.26109381665828,89.86469574068377,2016-07-20,0,matched_background_pseudo_absence,False,24.0774454423532,17.612348525461943,42
BG_0298,1048430,Assam,26.483262755776153,93.18455783162503,2016-07-20,0,matched_background_pseudo_absence,False,10.619622396463246,5.077938114241647,42
BG_0299,1057863,Manipur,24.407830165003816,93.12346126143895,2016-07-25,0,matched_background_pseudo_absence,False,9.68525074681483,7.987864576903967,42
BG_0300,1050761,Mizoram,23.925678671806413,92.87689108815239,2016-07-28,0,matched_background_pseudo_absence,False,9.97497627849044,15.31116067826958,42
BG_0301,1050763,Mizoram,23.59845781441231,93.40364455149445,2016-07-28,0,matched_background_pseudo_absence,False,6.045611786737972,18.492953140455583,42
BG_0302,938250,Sikkim,27.793200391101387,88.42145192291542,2016-07-30,0,matched_background_pseudo_absence,False,11.698484010178841,3.8066793001544244,42
BG_0303,938383,Sikkim,27.750891104147875,88.72091748134918,2016-08-16,0,matched_background_pseudo_absence,False,8.771940505721396,1.8473579844055925,42
BG_0304,1050651,Assam,27.380674023826018,95.35379906751733,2016-08-31,0,matched_background_pseudo_absence,False,122.61653331585742,11.802422805245012,42
BG_0305,1050626,Assam,26.571892382199245,91.28222200831655,2016-09-01,0,matched_background_pseudo_absence,False,26.723524721585946,2.3888734875768756,42
BG_0306,1050633,Mizoram,22.264123334737263,92.90654429766592,2016-09-17,0,matched_background_pseudo_absence,False,24.68866384367346,11.857189649462757,42
BG_0307,938303,Sikkim,27.639316180020685,88.28803422062064,2016-10-12,0,matched_background_pseudo_absence,False,19.711108338498615,4.554895891466425,42
BG_0308,938327,Sikkim,27.835728718934696,88.61072874245421,2016-10-15,0,matched_background_pseudo_absence,False,5.390152717868852,1.697062641227299,42
BG_0309,938398,Sikkim,27.96365572583834,88.56213622391095,2016-10-15,0,matched_background_pseudo_absence,False,13.929758739805928,4.8372540720165915,42
BG_0310,1052234,Manipur,25.36692739189463,93.97045537842654,2017-03-30,0,matched_background_pseudo_absence,False,9.185404471764183,7.103974294302096,42
BG_0311,1050744,Assam,26.348346810236364,93.75206304840052,2017-04-04,0,matched_background_pseudo_absence,False,66.0106587155368,13.217258830341663,42
BG_0312,1050718,Assam,26.58698096148023,92.33108860724616,2017-04-04,0,matched_background_pseudo_absence,False,55.79898941476978,4.159213308926648,42
BG_0313,1050682,Assam,26.54161980271854,92.84579377839033,2017-04-04,0,matched_background_pseudo_absence,False,16.393623346681984,31.91737225532454,42
BG_0314,1050642,Assam,25.99350158687292,92.4765479886545,2017-04-04,0,matched_background_pseudo_absence,False,47.707543500206164,14.243722290932585,42
BG_0315,1050702,Assam,26.462981142084946,90.98786015944233,2017-04-04,0,matched_background_pseudo_absence,False,29.82656902483672,12.717927696582388,42
BG_0316,1048497,Assam,27.437604373314947,94.33814172842523,2017-04-05,0,matched_background_pseudo_absence,False,31.536424878926642,18.339524258232643,42
BG_0317,1050579,Mizoram,23.39027810596018,92.69392357603039,2017-04-25,0,matched_background_pseudo_absence,False,10.263659940636845,17.982533216797332,42
BG_0318,1050588,Assam,26.496414418908792,92.12611372278376,2017-04-29,0,matched_background_pseudo_absence,False,35.96092253297295,9.784489230040657,42
BG_0319,1050720,Assam,25.335603426547138,93.3491099018863,2017-04-29,0,matched_background_pseudo_absence,False,19.708087449337913,10.16248330255933,42
BG_0320,938411,Sikkim,27.602361870653528,88.70537559602869,2017-05-26,0,matched_background_pseudo_absence,False,5.8270118810641085,2.196272212168488,42
BG_0321,1050593,Mizoram,23.22801311858899,92.86395372276594,2017-06-01,0,matched_background_pseudo_absence,False,9.209234348633442,5.21130549118795,42
BG_0322,1050197,Assam,25.941094561158405,93.8329883659199,2017-06-02,0,matched_background_pseudo_absence,False,46.228809627651344,8.05361669251518,42
BG_0323,1048532,Tripura,24.152540087256348,92.0097985232053,2017-06-03,0,matched_background_pseudo_absence,False,18.898485843867512,22.160679841957517,42
BG_0324,1048504,Tripura,23.57549184540994,91.58232315311056,2017-06-03,0,matched_background_pseudo_absence,False,16.101711395255794,34.74543635565113,42
BG_0325,1048488,Tripura,24.13841614414567,92.25977896912492,2017-06-03,0,matched_background_pseudo_absence,False,21.251958683717426,12.102988641350006,42
BG_0326,1050666,Assam,26.088891587874336,90.95648460301014,2017-06-04,0,matched_background_pseudo_absence,False,33.392476233792856,12.46116350777078,42
BG_0327,1057261,Manipur,24.451979295604694,93.21362625159655,2017-06-05,0,matched_background_pseudo_absence,False,15.592101382311867,3.5570021730251624,42
BG_0328,1050403,Mizoram,23.120240300459628,92.81562712931552,2017-06-09,0,matched_background_pseudo_absence,False,18.844000133844848,10.870981895643549,42
BG_0329,1050613,Mizoram,23.271219164153987,92.97189743656115,2017-06-10,0,matched_background_pseudo_absence,False,13.256822120718313,12.02914988408027,42
BG_0330,1050629,Mizoram,23.522937726364745,92.64371765264825,2017-06-10,0,matched_background_pseudo_absence,False,18.93203115482715,12.363442810792245,42
BG_0331,1050603,Mizoram,23.769778126164617,92.88472625040463,2017-06-10,0,matched_background_pseudo_absence,False,7.433214158655806,13.253850448133859,42
BG_0332,1050643,Mizoram,24.045869749900664,92.61049187044006,2017-06-12,0,matched_background_pseudo_absence,False,6.299685173615362,4.165197862642073,42
BG_0333,1057926,Manipur,25.085432623508044,93.62403020636611,2017-06-12,0,matched_background_pseudo_absence,False,10.376558248119093,7.296639060261283,42
BG_0334,1050599,Mizoram,23.812567185648156,93.19653836970886,2017-06-14,0,matched_background_pseudo_absence,False,15.189203356418641,6.20304136213887,42
BG_0335,1050678,Mizoram,23.943732701793234,93.18020474802368,2017-06-17,0,matched_background_pseudo_absence,False,17.109662790491733,8.951010760673373,42
BG_0336,1050617,Assam,26.903046456681277,93.34877724749545,2017-06-18,0,matched_background_pseudo_absence,False,39.0704422558814,20.354864987980626,42
BG_0337,1050724,Manipur,24.149852895960542,94.00577069732272,2017-06-26,0,matched_background_pseudo_absence,False,5.809925242499338,10.420567645937094,42
BG_0338,1050751,Manipur,24.984920175941784,94.08649899606719,2017-06-26,0,matched_background_pseudo_absence,False,6.854210797307088,2.5314744197503445,42
BG_0339,1050748,Manipur,25.27349111754129,93.69858019218206,2017-06-27,0,matched_background_pseudo_absence,False,12.682952193068507,14.378444309189165,42
BG_0340,1056702,Manipur,25.063907182872484,93.54719388804155,2017-06-30,0,matched_background_pseudo_absence,False,9.255015243509693,3.9039620053967847,42
BG_0341,1057890,Manipur,24.41612440825542,93.90278690167433,2017-07-01,0,matched_background_pseudo_absence,False,15.607715284309926,1.7704981346273763,42
BG_0342,1048525,Assam,26.901222561253995,94.57694367682227,2017-07-03,0,matched_background_pseudo_absence,False,53.27374049857382,6.090186132817113,42
BG_0343,1048541,Assam,26.79532427008361,93.76378743880966,2017-07-03,0,matched_background_pseudo_absence,False,17.733576572488158,27.232627538249975,42
BG_0344,1048506,Assam,26.27668525665923,91.25640074806908,2017-07-03,0,matched_background_pseudo_absence,False,6.327530687682557,21.130602076862157,42
BG_0345,1048519,Assam,27.274986696087364,95.89241186564328,2017-07-03,0,matched_background_pseudo_absence,False,174.1237617110789,32.24129383259781,42
BG_0346,1048545,Assam,24.911235876021777,92.7259897515081,2017-07-03,0,matched_background_pseudo_absence,False,6.839655464437365,6.503079710068731,42
BG_0347,1057856,Manipur,24.08806433065854,94.20562763718051,2017-07-04,0,matched_background_pseudo_absence,False,11.59364048150381,14.242315989920092,42
BG_0348,1048460,Assam,26.386927430293916,93.58917547860648,2017-07-06,0,matched_background_pseudo_absence,False,49.69034993710263,16.785409535230574,42
BG_0349,1057907,Manipur,25.018768667923272,93.9126589934873,2017-07-08,0,matched_background_pseudo_absence,False,5.630502173787463,17.121380207816266,42
BG_0350,1050713,Assam,26.613470541375136,91.72811837984986,2017-07-09,0,matched_background_pseudo_absence,False,13.358056485141631,20.632559697814425,42
BG_0351,1050808,Manipur,24.753760957028017,93.67483674446643,2017-07-09,0,matched_background_pseudo_absence,False,5.209415823091729,7.55339941910063,42
BG_0352,1050753,Manipur,24.191305393870568,93.80084941183988,2017-07-09,0,matched_background_pseudo_absence,False,22.206665480765114,7.79404379429255,42
BG_0353,1055884,Manipur,24.13494851508521,93.17035489030417,2017-07-09,0,matched_background_pseudo_absence,False,9.99732148519678,7.586479841738533,42
BG_0354,1054667,Assam,27.57669417503316,95.10874502985757,2017-07-10,0,matched_background_pseudo_absence,False,105.11121501370593,16.25212499225208,42
BG_0355,1052013,Manipur,24.790747280330187,94.43772216643909,2017-07-10,0,matched_background_pseudo_absence,False,8.25058523270587,10.113331717900033,42
BG_0356,1055056,Assam,26.703055958209504,90.24671374586654,2017-07-10,0,matched_background_pseudo_absence,False,70.3405467962123,5.445076172981496,42
BG_0357,1048428,Assam,26.24273436107187,92.32640503274335,2017-07-10,0,matched_background_pseudo_absence,False,40.12034999700972,5.91560822852255,42
BG_0358,1048443,Assam,26.197796472464933,92.67384903184374,2017-07-10,0,matched_background_pseudo_absence,False,23.573953677537016,22.324536401655248,42
BG_0359,1057775,Manipur,24.23889395088713,94.14871777639235,2017-07-14,0,matched_background_pseudo_absence,False,6.5350240635491375,4.526182401270746,42
BG_0360,1050573,Mizoram,23.888461046615436,92.54878730619495,2017-08-26,0,matched_background_pseudo_absence,False,10.415332907074758,13.06851834047607,42
BG_0361,1057698,Manipur,25.141125121574472,93.76310782634602,2017-08-26,0,matched_background_pseudo_absence,False,8.039918516313469,1.9174595655752544,42
BG_0362,938258,Sikkim,27.680480062103186,88.4717839910091,2017-09-20,0,matched_background_pseudo_absence,False,8.845088946339706,3.7965434604042354,42
BG_0363,938330,Sikkim,27.423797426516945,88.14933752978543,2017-09-20,0,matched_background_pseudo_absence,False,8.866020940934353,3.692000568541474,42
BG_0364,1050788,Manipur,24.048965965814563,93.89367544717093,2017-09-21,0,matched_background_pseudo_absence,False,10.225363143587595,7.299643733206922,42
BG_0365,1057697,Manipur,24.916906077915023,93.33491770115046,2017-09-29,0,matched_background_pseudo_absence,False,15.40769752900929,8.371638361675474,42
BG_0366,1051127,Manipur,24.67577664163224,94.40525882953014,2018-05-10,0,matched_background_pseudo_absence,False,16.71182734463851,3.221120949048849,42
BG_0367,1050615,Mizoram,23.11974987004149,92.8622119710119,2018-05-12,0,matched_background_pseudo_absence,False,20.969354000520816,4.764282716575151,42
BG_0368,1048345,Tripura,23.673653442603403,91.21794586963264,2018-05-18,0,matched_background_pseudo_absence,False,29.001679489801564,14.281431239960442,42
BG_0369,1048347,Tripura,24.088085624025634,92.10367963502938,2018-05-20,0,matched_background_pseudo_absence,False,30.257182177465765,11.922360212615349,42
BG_0370,1048360,Tripura,23.857808377532734,92.03142989004687,2018-05-20,0,matched_background_pseudo_absence,False,13.89826596606849,8.900877057860317,42
BG_0371,938409,Sikkim,27.886459165623332,88.38418056513244,2018-05-26,0,matched_background_pseudo_absence,False,17.712474634547178,4.600054303702879,42
BG_0372,1050791,Manipur,25.51848640510125,94.51335592382769,2018-06-03,0,matched_background_pseudo_absence,False,13.625836655228303,7.77883269034248,42
BG_0373,1050616,Mizoram,22.838447619656623,93.02764493505114,2018-06-05,0,matched_background_pseudo_absence,False,23.332053958377035,6.515258702561507,42
BG_0374,938386,Sikkim,27.643283640797573,88.1752878115428,2018-09-14,0,matched_background_pseudo_absence,False,30.38834572413226,7.32532077894813,42
BG_0375,938402,Sikkim,27.843311501830286,88.49295991541865,2018-09-14,0,matched_background_pseudo_absence,False,6.22140063655,1.3043114763359995,42
BG_0376,938400,Sikkim,27.943537916908717,88.49576252246484,2018-09-14,0,matched_background_pseudo_absence,False,13.094364257063198,6.892453606192602,42
BG_0377,938420,Sikkim,27.44273199452474,88.2378834818042,2018-09-15,0,matched_background_pseudo_absence,False,11.155027800715027,2.74966667794234,42
BG_0378,938385,Sikkim,27.519427877562293,88.74740633680099,2018-09-15,0,matched_background_pseudo_absence,False,10.453889471164457,8.742497344551166,42
BG_0379,938429,Sikkim,28.00692166031143,88.708034062364,2018-09-17,0,matched_background_pseudo_absence,False,23.955127879639562,2.483851611651755,42
BG_0380,1050715,Assam,26.833573861722023,93.47611186331372,2018-12-18,0,matched_background_pseudo_absence,False,31.10075535957897,14.805571500721216,42
BG_0381,1050610,Mizoram,23.851827884932526,92.31436468713655,2021-06-12,0,matched_background_pseudo_absence,False,22.94917247874758,6.259993046133785,42
