background_id,latitude,longitude,distance_to_road_m,distance_to_river_m,nearest_road_type,nearest_road_name,nearest_road_osm_id,nearest_waterway_type,nearest_waterway_name,nearest_waterway_osm_id,road_search_radius_m,river_search_radius_m,road_extraction_ok,river_extraction_ok,roads_rivers_extraction_ok,osm_source,osm_snapshot_timestamp,distance_method
BG_0001,26.73160475933328,94.35249548602104,662.9094096861202,6344.69630474379,unclassified,,1205395688.0,river,Bhogdoi River,225886365.0,5000.0,15000.0,True,True,True,OpenStreetMap via Overpass API,2026-07-25T15:29:35Z,local equirectangular point-to-polyline
BG_0002,26.074443020648907,91.08021471117132,1556.9718782531804,1023.3420877097066,tertiary,,766087016.0,river,Kulsi,169974162.0,5000.0,5000.0,True,True,True,OpenStreetMap via Overpass API,2026-05-06T03:25:00Z,local equirectangular point-to-polyline
BG_0003,26.22626917638928,93.80533817323608,1522.5578507872767,423.1989996286454,trunk,,44769772.0,river,Deopani Nadi,155250505.0,5000.0,5000.0,True,True,True,OpenStreetMap via Overpass API,2026-09-04T18:14:31Z,local equirectangular point-to-polyline
BG_0004,26.39626717226049,91.09160596119044,290.80153878269215,84.87438585850431,tertiary,,610771268.0,river,Bhelengi River,226704970.0,5000.0,5000.0,True,True,True,OpenStreetMap via Overpass API,2026-09-04T21:10:07Z,local equirectangular point-to-polyline
BG_0005,23.74242823900069,93.2072276337944,671.5772945310226,900.4721813984635,track,,1331111048.0,river,,1310856051.0,5000.0,5000.0,True,True,True,OpenStreetMap via Overpass API,2026-09-04T18:24:41Z,local equirectangular point-to-polyline
BG_0006,27.180949665961982,88.09756023583462,316.1836346441574,1681.13761858484,unclassified,,1234554335.0,stream,,247992304.0,5000.0,5000.0,True,True,True,OpenStreetMap via Overpass API,2026-09-04T18:26:51Z,local equirectangular point-to-polyline
BG_0007,26.935001186721536,94.79899006875554,534.3629554185228,4755.421820689848,primary,,155294100.0,river,DIKHOW NODI,225961220.0,5000.0,5000.0,True,True,True,OpenStreetMap via Overpass API,2026-07-25T16:41:50Z,local equirectangular point-to-polyline
BG_0008,26.253496769829923,92.09062865100056,51.2532207006746,675.7546492732968,tertiary,,968963644.0,river,,178119213.0,5000.0,5000.0,True,True,True,OpenStreetMap via Overpass API,2026-06-01T08:52:28Z,local equirectangular point-to-polyline
BG_0009,23.537003359726715,93.2350407982325,14.904761541692046,4010.29233213879,unclassified,,1314296984.0,river,Tuipui,203588167.0,5000.0,5000.0,True,True,True,OpenStreetMap via Overpass API,2026-09-04T18:36:01Z,local equirectangular point-to-polyline
BG_0010,26.47245725899581,93.79365367986004,1007.4998619200692,1681.6324366723422,unclassified,,1314227365.0,river,Kaliyani,329689588.0,5000.0,5000.0,True,True,True,OpenStreetMap via Overpass API,2026-07-24T11:04:51Z,local equirectangular point-to-polyline
BG_0011,26.76196049829377,93.218067234653,937.6096999244528,2661.6155836253247,unclassified,,605053864.0,river,,1346871354.0,5000.0,5000.0,True,True,True,OpenStreetMap via Overpass API,2026-05-31T22:37:44Z,local equirectangular point-to-polyline
BG_0012,27.11245476550876,95.02473417732853,762.8350770750881,3570.7945470171817,service,,1496768067.0,river,Disang River,225961181.0,5000.0,5000.0,True,True,True,OpenStreetMap via Overpass API,2026-09-04T21:10:07Z,local equirectangular point-to-polyline
BG_0013,25.14393922691182,93.2459878330718,4537.739066815257,960.80510296507,tertiary,,1317946660.0,stream,Khaiva Dung,668863293.0,5000.0,5000.0,True,True,True,OpenStreetMap via Overpass API,2026-05-31T22:37:44Z,local equirectangular point-to-polyline
BG_0014,28.021683724068893,88.54350132683378,3146.454500865957,3638.449162397772,unclassified,,991322813.0,stream,,1214496932.0,5000.0,5000.0,True,True,True,OpenStreetMap via Overpass API,2026-09-04T21:10:07Z,local equirectangular point-to-polyline
BG_0015,26.542701486541,90.39149472707574,48.57034205728117,888.8803486632227,unclassified,,1392315288.0,river,Champamati,226704951.0,5000.0,5000.0,True,True,True,OpenStreetMap via Overpass API,2026-09-04T18:56:36Z,local equirectangular point-to-polyline
BG_0016,23.54537092468172,91.22479232546311,49.63239936900988,2506.999317048156,residential,,1134845823.0,canal,,656405647.0,5000.0,5000.0,True,True,True,OpenStreetMap via Overpass API,2026-07-15T15:22:01Z,local equirectangular point-to-polyline
BG_0017,27.75211674320412,88.255394309017,14787.88429842221,6711.275772332042,track,,1153267680.0,stream,,1415593133.0,15000.0,15000.0,True,True,True,OpenStreetMap via Overpass API,2026-09-04T19:03:51Z,local equirectangular point-to-polyline
BG_0018,27.53572047251125,88.11461153892144,13242.492848323016,2001.6366429849315,track,,534812082.0,river,Rathong Chu,27915665.0,15000.0,5000.0,True,True,True,OpenStreetMap via Overpass API,2026-09-04T19:14:05Z,local equirectangular point-to-polyline
BG_0019,27.99302877454333,88.84092995487359,1382.109747282148,3659.3987653923,unclassified,,991300472.0,stream,,130182432.0,5000.0,5000.0,True,True,True,OpenStreetMap via Overpass API,2026-09-04T19:19:11Z,local equirectangular point-to-polyline
BG_0020,27.75000489883242,88.28406313501387,14033.327344751682,4240.425255144804,track,,1153267680.0,stream,,1415593133.0,15000.0,5000.0,True,True,True,OpenStreetMap via Overpass API,2026-09-04T19:22:20Z,local equirectangular point-to-polyline
BG_0021,27.325950841439408,95.25140284947352,15.976259127338592,498.6606765300989,residential,,1054980441.0,river,Burhi Dihing,229034221.0,5000.0,5000.0,True,True,True,OpenStreetMap via Overpass API,2026-05-31T22:37:44Z,local equirectangular point-to-polyline
BG_0022,27.14023960879499,88.29228610888872,64.30390440762025,939.3228934656164,unclassified,,605853719.0,river,Rangit,575695608.0,5000.0,5000.0,True,True,True,OpenStreetMap via Overpass API,2026-09-04T19:28:21Z,local equirectangular point-to-polyline
BG_0023,27.76810283106171,95.246901833597,452.2759166097399,478.231092145508,tertiary,,606151347.0,river,西棱河,329501454.0,5000.0,5000.0,True,True,True,OpenStreetMap via Overpass API,2026-07-25T16:41:50Z,local equirectangular point-to-polyline
BG_0024,26.00017250564627,90.2398617480472,634.1711059011334,151.6386001440816,track,,499129219.0,stream,,498685686.0,5000.0,5000.0,True,True,True,OpenStreetMap via Overpass API,2026-07-24T11:04:51Z,local equirectangular point-to-polyline
BG_0025,23.9035870513082,92.33858205591376,3104.5635438097056,799.2660556936229,trunk,,1248087557.0,river,,385092114.0,5000.0,5000.0,True,True,True,OpenStreetMap via Overpass API,2026-05-31T22:37:44Z,local equirectangular point-to-polyline
BG_0026,22.272434202605208,93.1600754185129,122.9667953535284,2488.855271454868,unclassified,,1111219033.0,river,Boinu,40478039.0,5000.0,5000.0,True,True,True,OpenStreetMap via Overpass API,2026-05-06T03:25:00Z,local equirectangular point-to-polyline
BG_0027,27.656449304426417,88.44439804631892,8240.45456025718,1173.378821476838,unclassified,,1460221974.0,river,Ringi Chu,134410519.0,15000.0,5000.0,True,True,True,OpenStreetMap via Overpass API,2026-09-04T19:44:34Z,local equirectangular point-to-polyline
BG_0028,24.22660019214865,93.72121956543327,175.22132241721428,3857.157952614062,unclassified,,813231539.0,stream,Tuikham Lok,1457264375.0,5000.0,5000.0,True,True,True,OpenStreetMap via Overpass API,2026-07-25T17:44:00Z,local equirectangular point-to-polyline
BG_0029,25.18976344237939,93.9273040698278,1277.3021089154067,2666.0298354090883,primary,,385553805.0,river,Apo Ki,1436769123.0,5000.0,5000.0,True,True,True,OpenStreetMap via Overpass API,2026-05-31T22:37:44Z,local equirectangular point-to-polyline
BG_0030,26.12131288752809,92.4670349958996,2540.72417496088,5746.681598386697,trunk,,384532054.0,river,Kopili,229795706.0,5000.0,15000.0,True,True,True,OpenStreetMap via Overpass API,2026-07-25T17:44:00Z,local equirectangular point-to-polyline
BG_0031,24.24225070264117,93.3787632456438,4824.06302855464,982.4505786322684,unclassified,,1184088733.0,river,Tuivai,174064550.0,5000.0,5000.0,True,True,True,OpenStreetMap via Overpass API,2026-05-31T22:37:44Z,local equirectangular point-to-polyline
BG_0032,27.78151856196336,88.22926331893291,13154.780332995548,5414.681987644438,track,,1153267680.0,stream,Lungma Chu,134410495.0,15000.0,15000.0,True,True,True,OpenStreetMap via Overpass API,2026-05-31T22:37:44Z,local equirectangular point-to-polyline
BG_0033,24.894404722836555,94.63026311699991,154.83466834959668,2557.6983095050155,unclassified,,1540362563.0,river,Sana Lok,772793578.0,5000.0,5000.0,True,True,True,OpenStreetMap via Overpass API,2026-09-04T20:02:06Z,local equirectangular point-to-polyline
BG_0034,27.9028805400544,88.44203038871244,4.981593100256466,961.252975565711,unclassified,,899791257.0,stream,,1219723413.0,5000.0,5000.0,True,True,True,OpenStreetMap via Overpass API,2026-09-04T21:10:07Z,local equirectangular point-to-polyline
BG_0035,24.63417211960548,93.14247210166457,2189.9773094747384,658.2741960874321,unclassified,,1338446547.0,stream,,1338304593.0,5000.0,5000.0,True,True,True,OpenStreetMap via Overpass API,2026-09-04T21:11:10Z,local equirectangular point-to-polyline
BG_0036,24.70104365347782,93.7220014124364,1010.252928193154,1497.6378959719875,unclassified,,1416409539.0,stream,,1456734797.0,5000.0,5000.0,True,True,True,OpenStreetMap via Overpass API,2026-06-01T08:52:28Z,local equirectangular point-to-polyline
BG_0037,27.786122326967984,88.67450723572448,3179.301967011331,3334.352884015449,tertiary,,117990939.0,river,Lachung Chu,170015107.0,5000.0,5000.0,True,True,True,OpenStreetMap via Overpass API,2026-09-04T21:17:20Z,local equirectangular point-to-polyline
BG_0038,27.43553567001521,88.37851776259298,4970.580960342364,908.8929819878216,track,,1241900031.0,river,Rangeet,134417407.0,5000.0,5000.0,True,True,True,OpenStreetMap via Overpass API,2026-07-15T15:22:01Z,local equirectangular point-to-polyline
BG_0039,24.66681900644272,93.30796346022856,6882.60029546993,1836.291169323303,unclassified,,1336965433.0,river,Barāk River,27919542.0,15000.0,5000.0,True,True,True,OpenStreetMap via Overpass API,2026-09-04T21:23:21Z,local equirectangular point-to-polyline
BG_0040,27.371772779455053,88.39598072285604,2518.1645133821285,1099.8740252621608,unclassified,,1241335175.0,river,Rangeet,1013920660.0,5000.0,5000.0,True,True,True,OpenStreetMap via Overpass API,2026-09-04T21:29:36Z,local equirectangular point-to-polyline
BG_0041,24.9560298280019,92.76745533281624,207.35001437424947,1394.5263780082018,residential,,1057088239.0,river,Jatinga River,169375809.0,5000.0,5000.0,True,True,True,OpenStreetMap via Overpass API,2026-09-04T21:33:35Z,local equirectangular point-to-polyline
BG_0042,25.75861193311601,92.57388146032218,4237.0640761585255,5440.050160655321,unclassified,,1467388989.0,river,Amki River,666880700.0,5000.0,15000.0,True,True,True,OpenStreetMap via Overpass API,2026-09-04T21:40:51Z,local equirectangular point-to-polyline
BG_0043,27.954013772670336,95.74806352094106,640.9534184608224,899.0259986654289,trunk,,387648834.0,river,Jiya Nadi,130513186.0,5000.0,5000.0,True,True,True,OpenStreetMap via Overpass API,2026-07-25T17:44:00Z,local equirectangular point-to-polyline
BG_0044,27.390833895835065,88.15382055281145,5238.832048329316,3365.761683410245,unclassified,,1239105131.0,stream,,366221526.0,15000.0,5000.0,True,True,True,OpenStreetMap via Overpass API,2026-09-04T21:47:50Z,local equirectangular point-to-polyline
BG_0045,24.14125796116664,92.84995073650757,4308.619826133005,467.64614651652926,secondary,,663217034.0,stream,Tuiri Tei,310294835.0,5000.0,5000.0,True,True,True,OpenStreetMap via Overpass API,2026-07-15T15:22:01Z,local equirectangular point-to-polyline
BG_0046,24.178318223739403,93.11263168803112,1838.372234910707,719.5501853171866,tertiary,,198312346.0,river,Tuibum,662190188.0,5000.0,5000.0,True,True,True,OpenStreetMap via Overpass API,2026-07-25T19:34:00Z,local equirectangular point-to-polyline
BG_0047,24.91788128317036,93.71427718730608,1326.3329452541968,114.94708352799827,tertiary,,758802486.0,river,Tupui,128600553.0,5000.0,5000.0,True,True,True,OpenStreetMap via Overpass API,2026-05-06T03:25:00Z,local equirectangular point-to-polyline
BG_0048,27.508530678807443,95.26494039985565,33.49979792398684,5127.80091193624,residential,,589690287.0,stream,,717093618.0,5000.0,15000.0,True,True,True,OpenStreetMap via Overpass API,2026-09-04T22:00:06Z,local equirectangular point-to-polyline
BG_0049,24.12612346150217,93.62610470789711,280.3204092735372,571.6328470377598,unclassified,,1188463507.0,river,Khuga River,385483917.0,5000.0,5000.0,True,True,True,OpenStreetMap via Overpass API,2026-07-24T11:04:51Z,local equirectangular point-to-polyline
BG_0050,26.258034003400244,90.37498174857276,1767.0405333923652,1071.331898317467,trunk,,759858217.0,stream,,228560104.0,5000.0,5000.0,True,True,True,OpenStreetMap via Overpass API,2026-06-01T08:52:28Z,local equirectangular point-to-polyline
BG_0051,26.45596081474761,91.41961929987178,126.4055551197985,921.314218055528,unclassified,,1307131530.0,stream,,663302977.0,5000.0,5000.0,True,True,True,OpenStreetMap via Overpass API,2026-09-04T22:07:20Z,local equirectangular point-to-polyline
BG_0052,24.21135545586331,94.24366745204112,1168.6596441772365,3876.6023222028784,unclassified,,1268362345.0,river,Tuta Lok,169977260.0,5000.0,5000.0,True,True,True,OpenStreetMap via Overpass API,2026-06-01T08:52:28Z,local equirectangular point-to-polyline
BG_0053,27.437317552858698,94.72944138778692,34.413981055090815,504.42277415452014,unclassified,,740509919.0,stream,,206421919.0,5000.0,5000.0,True,True,True,OpenStreetMap via Overpass API,2026-09-04T22:12:20Z,local equirectangular point-to-polyline
BG_0054,24.34359684837752,92.0719957640357,2856.0061090654044,2962.0258344101894,trunk,,69259910.0,stream,,751027341.0,5000.0,5000.0,True,True,True,OpenStreetMap via Overpass API,2026-07-24T11:04:51Z,local equirectangular point-to-polyline
BG_0055,26.51668056159096,92.26657362323752,894.6052726520226,579.4777525039912,track,,987512981.0,river,,155294107.0,5000.0,5000.0,True,True,True,OpenStreetMap via Overpass API,2026-09-04T22:19:27Z,local equirectangular point-to-polyline
BG_0056,28.004465472003755,88.74857915898255,268.245712258908,2042.7067707967049,track,,991328225.0,river,Lachen Chu,192599614.0,5000.0,5000.0,True,True,True,OpenStreetMap via Overpass API,2026-05-06T03:25:00Z,local equirectangular point-to-polyline
BG_0057,27.450209812723067,94.76806947848928,1622.659390214783,1155.0837247768225,track,,1056563793.0,river,Brahmaputra,157701252.0,5000.0,5000.0,True,True,True,OpenStreetMap via Overpass API,2026-06-01T08:52:28Z,local equirectangular point-to-polyline
BG_0058,27.4292275713388,95.20998003331552,434.3358506687833,14.052786203925493,unclassified,,717098909.0,stream,,717435773.0,5000.0,5000.0,True,True,True,OpenStreetMap via Overpass API,2026-05-06T03:25:00Z,local equirectangular point-to-polyline
BG_0059,27.93642901062441,88.21514549695229,6591.520283980743,2002.522793163216,unclassified,,702138291.0,river,Goma Chu,134410502.0,15000.0,5000.0,True,True,True,OpenStreetMap via Overpass API,2026-06-01T08:52:28Z,local equirectangular point-to-polyline
BG_0060,27.39973656000564,88.43081677280614,780.1454732124433,221.2159191910727,unclassified,,1213387467.0,stream,,599760252.0,5000.0,5000.0,True,True,True,OpenStreetMap via Overpass API,,local equirectangular point-to-polyline
BG_0061,27.318302845376724,88.73459252984676,2959.393266126066,734.932399258851,tertiary,,156016650.0,river,Rangpo River tributary,1414143362.0,5000.0,5000.0,True,True,True,OpenStreetMap via Overpass API,2026-07-15T15:22:01Z,local equirectangular point-to-polyline
BG_0062,27.282132265300003,88.0349255791242,484.8863350923368,242.85713044441863,track,,524216179.0,stream,,343176263.0,5000.0,5000.0,True,True,True,OpenStreetMap via Overpass API,2026-07-25T19:34:00Z,local equirectangular point-to-polyline
BG_0063,26.09771493372308,93.52934435024572,6090.427820131724,5772.432073679484,track,,1127414144.0,river,,329685524.0,15000.0,15000.0,True,True,True,OpenStreetMap via Overpass API,2026-09-04T22:47:52Z,local equirectangular point-to-polyline
BG_0064,27.68455867459603,88.3627181129377,13187.266387780945,1898.761148795092,track,,1216095925.0,stream,Yumthulphuk Chu,998280938.0,15000.0,5000.0,True,True,True,OpenStreetMap via Overpass API,2026-09-04T22:53:05Z,local equirectangular point-to-polyline
BG_0065,25.15045529444168,93.42242166200732,1462.8052343708982,99.97917976230656,unclassified,,1510024434.0,river,Makru River,385547939.0,5000.0,5000.0,True,True,True,OpenStreetMap via Overpass API,2026-07-24T11:04:51Z,local equirectangular point-to-polyline
BG_0066,27.834466453431112,88.5016726079687,4515.726135132396,1766.5696873970503,tertiary,North Sikkim Highway,598497149.0,stream,,1214471586.0,5000.0,5000.0,True,True,True,OpenStreetMap via Overpass API,2026-05-31T22:37:44Z,local equirectangular point-to-polyline
BG_0067,26.7083205293855,94.3871174046437,658.9127192188395,8018.384179625882,service,,617237904.0,river,Bhogdoi-Tsurang,155251689.0,5000.0,15000.0,True,True,True,OpenStreetMap via Overpass API,2026-05-06T03:25:00Z,local equirectangular point-to-polyline
BG_0068,24.39115860950149,94.24746786252034,750.9500919115591,484.0269927070886,unclassified,,455488946.0,river,,164510513.0,5000.0,5000.0,True,True,True,OpenStreetMap via Overpass API,2026-07-25T19:34:00Z,local equirectangular point-to-polyline
BG_0069,27.50804359563403,88.29389141728005,10537.379347206392,1421.9596421072963,unclassified,,1214100537.0,stream,Kauum Chu,1214315130.0,15000.0,5000.0,True,True,True,OpenStreetMap via Overpass API,2026-07-15T15:22:01Z,local equirectangular point-to-polyline
BG_0070,22.70398767431841,92.73149479420992,2101.6429072719643,2035.486210818329,residential,,1449247772.0,stream,,1449224455.0,5000.0,5000.0,True,True,True,OpenStreetMap via Overpass API,2026-05-06T03:25:00Z,local equirectangular point-to-polyline
BG_0071,23.025958512493823,92.40706749513711,628.8602131609573,2290.9085297638526,unclassified,,1449940641.0,stream,,661445393.0,5000.0,5000.0,True,True,True,OpenStreetMap via Overpass API,2026-07-15T15:22:01Z,local equirectangular point-to-polyline
BG_0072,25.091960290145742,94.6388668389186,10190.646823493418,8061.649502285472,unclassified,,1268374508.0,stream,,772793578.0,15000.0,15000.0,True,True,True,OpenStreetMap via Overpass API,2026-09-04T23:19:21Z,local equirectangular point-to-polyline
BG_0073,26.237758802577364,91.6003583146702,17.985797421333185,1051.707715591609,track,,510058620.0,river,,44639314.0,5000.0,5000.0,True,True,True,OpenStreetMap via Overpass API,2026-05-06T03:25:00Z,local equirectangular point-to-polyline
BG_0074,26.360671837454184,92.41514231798033,150.2179155397141,5131.685081679892,unclassified,,1302828394.0,river,,329687098.0,5000.0,15000.0,True,True,True,OpenStreetMap via Overpass API,2026-09-04T23:30:36Z,local equirectangular point-to-polyline
BG_0075,27.867743067268773,88.75551683447571,5299.346040371589,2789.76602976,unclassified,,1214827981.0,stream,,1350954821.0,15000.0,5000.0,True,True,True,OpenStreetMap via Overpass API,2026-07-25T21:19:50Z,local equirectangular point-to-polyline
BG_0076,27.578088563424835,88.2354631074933,16852.837573318793,2466.419352694275,track,,1216096788.0,stream,,134410496.0,30000.0,5000.0,True,True,True,OpenStreetMap via Overpass API,2026-07-25T21:19:50Z,local equirectangular point-to-polyline
BG_0077,26.55159691970212,92.3175290863292,635.1549518425339,1878.3838609615589,track,,987512982.0,river,,155294107.0,5000.0,5000.0,True,True,True,OpenStreetMap via Overpass API,2026-09-04T23:42:51Z,local equirectangular point-to-polyline
BG_0078,27.089620266555155,94.44408100137568,808.4475806392003,352.4816026300986,track,,1077610008.0,river,,329497126.0,5000.0,5000.0,True,True,True,OpenStreetMap via Overpass API,2026-09-04T23:42:51Z,local equirectangular point-to-polyline
BG_0079,25.13032357111863,92.69815486766186,7372.291369408976,807.0195104971014,track,,1320181686.0,river,,1362305199.0,15000.0,5000.0,True,True,True,OpenStreetMap via Overpass API,2026-09-05T05:33:35Z,local equirectangular point-to-polyline
BG_0080,26.58188090909644,91.26095436076476,439.904814303849,3657.569097277024,tertiary,,609803328.0,river,Kaldiya Nadi,226720356.0,5000.0,5000.0,True,True,True,OpenStreetMap via Overpass API,2026-09-05T05:33:35Z,local equirectangular point-to-polyline
BG_0081,27.6265355551446,88.70781665597707,835.7985535640018,713.9519274000505,tertiary,,117990926.0,river,Lachung Chu,170015107.0,5000.0,5000.0,True,True,True,OpenStreetMap via Overpass API,2026-09-05T05:34:36Z,local equirectangular point-to-polyline
BG_0082,26.797765467040296,91.15998489457428,4910.54812677301,409.5860147350408,secondary,Nganglam-Panbang Secondary Highway,499973869.0,river,,1535904097.0,5000.0,5000.0,True,True,True,OpenStreetMap via Overpass API,2026-09-05T05:34:36Z,local equirectangular point-to-polyline
BG_0083,26.217331550502525,92.27429553217588,485.80330218266016,2356.983901038204,trunk,,284804891.0,stream,,1303505503.0,5000.0,5000.0,True,True,True,OpenStreetMap via Overpass API,2026-09-05T05:35:36Z,local equirectangular point-to-polyline
BG_0084,23.26773200714715,91.64124396378844,2351.22870082638,2577.789004840307,unclassified,,1215175079.0,river,Muhuri River,819658962.0,5000.0,5000.0,True,True,True,OpenStreetMap via Overpass API,2026-09-05T05:35:36Z,local equirectangular point-to-polyline
BG_0085,25.25605875339666,94.49048994958554,372.116674475764,1463.032549079549,unclassified,,1463685168.0,river,,329633832.0,5000.0,5000.0,True,True,True,OpenStreetMap via Overpass API,2026-09-05T05:36:36Z,local equirectangular point-to-polyline
BG_0086,27.792959202284816,95.09169238677588,431.99742033773714,121.70505924900044,unclassified,,284821138.0,river,,206421922.0,5000.0,5000.0,True,True,True,OpenStreetMap via Overpass API,2026-09-05T05:36:36Z,local equirectangular point-to-polyline
BG_0087,26.449911584432304,93.14970993590435,2420.4660815525685,5212.269993714043,service,,425115639.0,stream,,1254519124.0,5000.0,15000.0,True,True,True,OpenStreetMap via Overpass API,2026-09-05T05:37:36Z,local equirectangular point-to-polyline
BG_0088,24.24755795605224,92.45272769369288,3654.50671390144,4536.343253540626,unclassified,,1343894498.0,river,Tlawng,297310753.0,5000.0,5000.0,True,True,True,OpenStreetMap via Overpass API,2026-09-05T05:38:36Z,local equirectangular point-to-polyline
BG_0089,27.792185446613125,88.31823110531914,8914.49344208094,1176.8941504532827,track,,1153267680.0,stream,,1415593133.0,15000.0,5000.0,True,True,True,OpenStreetMap via Overpass API,2026-09-05T05:40:41Z,local equirectangular point-to-polyline
BG_0090,27.213390151384647,88.43724232880848,139.02176879541963,1215.6682119214015,unclassified,,593428589.0,stream,,605885565.0,5000.0,5000.0,True,True,True,OpenStreetMap via Overpass API,2026-09-05T05:40:41Z,local equirectangular point-to-polyline
BG_0091,26.300868293490385,92.18848668851426,19.90669093603401,65.84538091372454,unclassified,,1304231741.0,stream,,1255710650.0,5000.0,5000.0,True,True,True,OpenStreetMap via Overpass API,2026-09-05T05:41:46Z,local equirectangular point-to-polyline
BG_0092,24.691142673314378,93.21125438564005,716.8934144546597,51.08000784910398,unclassified,,1292529357.0,river,Barak River,27919470.0,5000.0,5000.0,True,True,True,OpenStreetMap via Overpass API,2026-09-05T05:41:46Z,local equirectangular point-to-polyline
BG_0093,24.537606641199822,93.0597137660904,1702.902541332091,1089.4564904687638,unclassified,JT Road,1246908517.0,river,Barak River,128600546.0,5000.0,5000.0,True,True,True,OpenStreetMap via Overpass API,2026-09-05T05:42:50Z,local equirectangular point-to-polyline
BG_0094,24.440463522544214,93.34602188487096,4802.46197387307,426.9170330322447,unclassified,,1260578334.0,river,Tuipi Lui,667750344.0,5000.0,5000.0,True,True,True,OpenStreetMap via Overpass API,2026-09-05T05:42:50Z,local equirectangular point-to-polyline
BG_0095,24.53764819043452,94.3210524246647,2043.384166972264,569.5759749221614,unclassified,,1070318582.0,river,Taret River,455695966.0,5000.0,5000.0,True,True,True,OpenStreetMap via Overpass API,2026-09-05T05:42:50Z,local equirectangular point-to-polyline
BG_0096,25.37935982658731,94.30469476643856,151.1248449741206,1000.065615440046,tertiary,,575888602.0,river,Iril River,385538847.0,5000.0,5000.0,True,True,True,OpenStreetMap via Overpass API,2026-09-05T05:43:50Z,local equirectangular point-to-polyline
BG_0097,23.956816339810302,93.02364726184844,1.6314105308875848,3195.4557326539493,primary,,385140327.0,river,Tuivawl,198312358.0,5000.0,5000.0,True,True,True,OpenStreetMap via Overpass API,2026-09-05T05:44:50Z,local equirectangular point-to-polyline
BG_0098,23.88715463536132,93.02554652164426,157.5847030402508,2722.284993796441,primary,,385140334.0,river,Tuivawl,198312358.0,5000.0,5000.0,True,True,True,OpenStreetMap via Overpass API,2026-09-05T05:44:50Z,local equirectangular point-to-polyline
BG_0099,24.116151354566984,93.0066578412365,4722.911098869928,775.6099135387611,tertiary,,198312337.0,river,Tuivai,227382052.0,5000.0,5000.0,True,True,True,OpenStreetMap via Overpass API,2026-09-05T05:44:50Z,local equirectangular point-to-polyline
BG_0100,24.238062865382908,93.97107908406348,162.80890547765924,3802.976042313712,track,,1189772494.0,river,Chakpi River,385485444.0,5000.0,5000.0,True,True,True,OpenStreetMap via Overpass API,2026-09-05T05:45:51Z,local equirectangular point-to-polyline
BG_0101,27.884282610637943,88.64765967677508,4669.842424193229,4867.399281635156,tertiary,,117990953.0,river,Lachung Chu,170015107.0,5000.0,5000.0,True,True,True,OpenStreetMap via Overpass API,2026-09-05T05:46:51Z,local equirectangular point-to-polyline
BG_0102,24.961705507187425,93.26818694665414,1763.1371593321917,650.3922795844168,unclassified,,1381083163.0,river,Jiri River,1380993869.0,5000.0,5000.0,True,True,True,OpenStreetMap via Overpass API,2026-09-05T05:46:51Z,local equirectangular point-to-polyline
BG_0103,27.19964747160188,88.69159795421072,6.567407396908593,339.988892194845,trunk,Jelep Pass Highway,353285063.0,river,Rongli Chu,353285071.0,5000.0,5000.0,True,True,True,OpenStreetMap via Overpass API,2026-09-05T05:46:51Z,local equirectangular point-to-polyline
BG_0104,25.09201483354823,93.5239659170768,2048.4741115184083,915.4316024186056,track,,1425920608.0,river,Damdui Vapi,680968884.0,5000.0,5000.0,True,True,True,OpenStreetMap via Overpass API,2026-09-05T05:47:51Z,local equirectangular point-to-polyline
BG_0105,24.998874264219296,94.1957687693676,648.5491093744799,2116.981369140614,unclassified,,1504177394.0,stream,,1524563918.0,5000.0,5000.0,True,True,True,OpenStreetMap via Overpass API,2026-09-05T05:47:51Z,local equirectangular point-to-polyline
BG_0106,27.70956070319701,88.78441248710774,2914.112852345192,2183.238380678933,tertiary,,117990949.0,stream,,680517779.0,5000.0,5000.0,True,True,True,OpenStreetMap via Overpass API,2026-09-05T05:48:50Z,local equirectangular point-to-polyline
BG_0107,27.4438276688714,88.72306850229607,5573.574292806491,300.99415286595126,service,,1467575455.0,stream,,599734551.0,15000.0,5000.0,True,True,True,OpenStreetMap via Overpass API,2026-09-05T05:49:51Z,local equirectangular point-to-polyline
BG_0108,25.444972702736088,92.89585892212897,205.18614289777443,1064.391906491799,trunk,,384547304.0,river,Lānglāi River,667884623.0,5000.0,5000.0,True,True,True,OpenStreetMap via Overpass API,2026-09-05T05:50:51Z,local equirectangular point-to-polyline
BG_0109,24.062852041460225,93.2588274632164,1477.6929618560512,120.03992531870226,trunk,Guite Road,242648831.0,stream,,1331592359.0,5000.0,5000.0,True,True,True,OpenStreetMap via Overpass API,2026-09-05T05:50:51Z,local equirectangular point-to-polyline
BG_0110,24.07930363180985,93.00647853499316,1321.941878511231,1350.184194605746,service,,1529674336.0,river,Tuivawl,198312358.0,5000.0,5000.0,True,True,True,OpenStreetMap via Overpass API,2026-09-05T05:51:51Z,local equirectangular point-to-polyline
BG_0111,23.06476497695733,93.0910587199796,791.770486364407,4399.9967946251145,unclassified,,1361410889.0,river,Tyao,203588120.0,5000.0,5000.0,True,True,True,OpenStreetMap via Overpass API,2026-09-05T05:51:51Z,local equirectangular point-to-polyline
BG_0112,24.026391156639143,92.57545842871968,4439.701931644546,1867.7774083374768,tertiary,,1326373086.0,river,Tlawng,226207290.0,5000.0,5000.0,True,True,True,OpenStreetMap via Overpass API,2026-09-05T05:52:51Z,local equirectangular point-to-polyline
BG_0113,23.188635442220303,92.89160492248368,435.7195559809568,3327.06871940287,unclassified,,1535085888.0,river,,40478155.0,5000.0,5000.0,True,True,True,OpenStreetMap via Overpass API,2026-09-05T05:52:51Z,local equirectangular point-to-polyline
BG_0114,23.82727879428117,92.77061545266312,663.0286302515408,3626.058345306465,track,,1062032001.0,stream,,310281842.0,5000.0,5000.0,True,True,True,OpenStreetMap via Overpass API,2026-09-05T05:53:51Z,local equirectangular point-to-polyline
BG_0115,24.13866051412099,92.57346919624378,568.6070903713985,2484.259287768107,unclassified,,1326373099.0,river,Meidum Lui,297310752.0,5000.0,5000.0,True,True,True,OpenStreetMap via Overpass API,2026-09-05T05:54:50Z,local equirectangular point-to-polyline
BG_0116,23.515877557802387,92.8049717735965,2083.0994126993805,820.3760821955224,tertiary,,662505237.0,stream,,686956288.0,5000.0,5000.0,True,True,True,OpenStreetMap via Overpass API,2026-09-05T05:54:50Z,local equirectangular point-to-polyline
BG_0117,23.99964384529446,92.50710593183707,684.4612676848806,2357.981661025682,trunk,,663830929.0,river,Tut,197997792.0,5000.0,5000.0,True,True,True,OpenStreetMap via Overpass API,2026-09-05T05:55:51Z,local equirectangular point-to-polyline
BG_0118,24.34644491880453,94.21452058375252,564.7448344907285,599.8669373200994,trunk,,237999888.0,stream,,1206899429.0,5000.0,5000.0,True,True,True,OpenStreetMap via Overpass API,2026-09-05T05:55:51Z,local equirectangular point-to-polyline
BG_0119,25.2422471831668,93.8373211983724,1618.4507040491442,1768.3419831085384,primary,,385553895.0,river,Irang River,198324595.0,5000.0,5000.0,True,True,True,OpenStreetMap via Overpass API,2026-09-05T05:56:55Z,local equirectangular point-to-polyline
BG_0120,25.033562493975268,94.1957597628088,68.60115566348576,160.9570942095733,unclassified,,1504177394.0,stream,,1504177401.0,5000.0,5000.0,True,True,True,OpenStreetMap via Overpass API,2026-09-05T05:56:55Z,local equirectangular point-to-polyline
BG_0121,25.306878224693683,93.84130153178518,4564.304169843566,5520.657548959909,track,,1408650384.0,river,Inhu Ki,627425940.0,5000.0,15000.0,True,True,True,OpenStreetMap via Overpass API,2026-09-05T05:57:58Z,local equirectangular point-to-polyline
BG_0122,24.24481417167792,93.13559281519716,2780.1313242077485,957.1140902614478,trunk,,237674373.0,stream,Tuibum,662190189.0,5000.0,5000.0,True,True,True,OpenStreetMap via Overpass API,2026-09-05T05:59:01Z,local equirectangular point-to-polyline
BG_0123,24.712635493673,94.00227967429156,62.82646986765916,2718.2022736645645,track,,1052623169.0,river,Iril River,164510530.0,5000.0,5000.0,True,True,True,OpenStreetMap via Overpass API,2026-09-05T05:59:01Z,local equirectangular point-to-polyline
BG_0124,25.768186172634497,93.0535928355548,89.4609970304431,339.74204281974346,tertiary,,607936876.0,river,Diyung River,197997797.0,5000.0,5000.0,True,True,True,OpenStreetMap via Overpass API,2026-09-05T06:00:03Z,local equirectangular point-to-polyline
BG_0125,26.915261559774915,92.75833967591277,100.95716294502468,5747.7330968051465,residential,,1085030493.0,stream,,154290511.0,5000.0,15000.0,True,True,True,OpenStreetMap via Overpass API,2026-09-05T06:01:06Z,local equirectangular point-to-polyline
BG_0126,24.01975518681486,93.47258849183646,1273.4833606224763,800.3989624325247,unclassified,,365984528.0,stream,Tuilak,1184488099.0,5000.0,5000.0,True,True,True,OpenStreetMap via Overpass API,2026-07-15T15:22:01Z,local equirectangular point-to-polyline
BG_0127,25.825581846862995,92.66480545332004,2309.1251154430965,4527.042289169751,unclassified,,668122692.0,river,Kalanga Nadi,669003628.0,5000.0,5000.0,True,True,True,OpenStreetMap via Overpass API,2026-09-05T06:02:05Z,local equirectangular point-to-polyline
BG_0128,24.577765785551424,94.42907453407616,406.0583735197885,93.77151358122522,track,,1070852457.0,stream,Tapung Lok,1540792880.0,5000.0,5000.0,True,True,True,OpenStreetMap via Overpass API,2026-09-05T06:02:05Z,local equirectangular point-to-polyline
BG_0129,26.55037086488575,90.16674075052042,85.9902909819833,265.20561245593245,trunk,,572687845.0,river,,228560105.0,5000.0,5000.0,True,True,True,OpenStreetMap via Overpass API,2026-09-05T06:03:06Z,local equirectangular point-to-polyline
BG_0130,24.110231164455808,93.0656118950107,3436.3876817656987,1292.9896872714123,residential,,1421593292.0,river,Tuivai,227382052.0,5000.0,5000.0,True,True,True,OpenStreetMap via Overpass API,2026-09-05T06:04:06Z,local equirectangular point-to-polyline
BG_0131,25.3015479528674,93.25528627021843,1555.1416873511844,3218.048960751769,residential,,1376534386.0,river,Langting River,667636263.0,5000.0,5000.0,True,True,True,OpenStreetMap via Overpass API,2026-09-05T06:05:05Z,local equirectangular point-to-polyline
BG_0132,24.959977011795885,94.32675414679152,768.7146018797358,6150.416340432101,trunk,,385459681.0,stream,,1535970863.0,5000.0,15000.0,True,True,True,OpenStreetMap via Overpass API,2026-09-05T06:06:06Z,local equirectangular point-to-polyline
BG_0133,24.96613607148811,94.0723093123072,198.8638509988816,213.222503090128,unclassified,,1278890273.0,river,Khamenlok river,1278542751.0,5000.0,5000.0,True,True,True,OpenStreetMap via Overpass API,2026-09-05T06:07:06Z,local equirectangular point-to-polyline
BG_0134,24.22516323454964,93.33915162057464,1693.3310662620647,652.7526240320543,unclassified,,1184088733.0,river,Tuivai,174064550.0,5000.0,5000.0,True,True,True,OpenStreetMap via Overpass API,2026-09-05T06:07:06Z,local equirectangular point-to-polyline
BG_0135,27.82137523664565,88.22334415646974,9972.781063194348,3398.2384924121125,track,,1153267680.0,stream,Lungma Chu,134410495.0,15000.0,5000.0,True,True,True,OpenStreetMap via Overpass API,2026-09-05T06:08:06Z,local equirectangular point-to-polyline
BG_0136,28.049062362464568,88.63670694907516,89.8553648236245,1261.2019425164506,unclassified,,1225557442.0,river,Lachen Chu,293185705.0,5000.0,5000.0,True,True,True,OpenStreetMap via Overpass API,2026-09-05T06:09:06Z,local equirectangular point-to-polyline
BG_0137,27.735426254507377,88.72777659602669,997.9923397018832,1422.906587187316,tertiary,,117990939.0,stream,,1215122594.0,5000.0,5000.0,True,True,True,OpenStreetMap via Overpass API,2026-09-05T06:10:06Z,local equirectangular point-to-polyline
BG_0138,28.059302436872148,88.612950259452,44.11174427960436,979.2131925665155,unclassified,,1214015205.0,stream,,1102452009.0,5000.0,5000.0,True,True,True,OpenStreetMap via Overpass API,2026-09-05T06:10:06Z,local equirectangular point-to-polyline
BG_0139,24.84517941221417,93.7247697290388,2618.922594392664,200.1417268627233,tertiary,,1446776467.0,river,Ijai River,386807092.0,5000.0,5000.0,True,True,True,OpenStreetMap via Overpass API,2026-09-05T06:11:05Z,local equirectangular point-to-polyline
BG_0140,26.81994853387081,94.05048156967447,143.05328288265594,5486.237168617998,unclassified,,889975428.0,river,Bhogdoi River,225886365.0,5000.0,15000.0,True,True,True,OpenStreetMap via Overpass API,2026-09-05T06:12:06Z,local equirectangular point-to-polyline
BG_0141,23.98242032769076,93.84657771320413,9351.83953830584,1071.6675749667834,track,,1249178557.0,stream,Kana Lok,1249156206.0,15000.0,5000.0,True,True,True,OpenStreetMap via Overpass API,2026-09-05T06:13:06Z,local equirectangular point-to-polyline
BG_0142,24.298297853695185,93.54235403435337,3339.357164494684,3551.6377169936595,trunk,,568164765.0,river,Tuila,668351875.0,5000.0,5000.0,True,True,True,OpenStreetMap via Overpass API,2026-09-05T06:13:06Z,local equirectangular point-to-polyline
BG_0143,24.33388323033592,94.163243177605,688.4873617739431,261.8367802859807,track,,455292488.0,stream,,1467047433.0,5000.0,5000.0,True,True,True,OpenStreetMap via Overpass API,2026-09-05T06:14:05Z,local equirectangular point-to-polyline
BG_0144,27.76318618635594,88.44006271135518,9150.761867741254,743.9167981214166,tertiary,North Sikkim Highway,1214513638.0,stream,Poke Chu,126757768.0,15000.0,5000.0,True,True,True,OpenStreetMap via Overpass API,2026-09-05T06:15:05Z,local equirectangular point-to-polyline
BG_0145,24.00249760478468,93.84290621177436,10536.294835901004,97.79727740727915,track,,1463771496.0,stream,Kana Lok,1249156206.0,15000.0,5000.0,True,True,True,OpenStreetMap via Overpass API,2026-09-05T06:16:05Z,local equirectangular point-to-polyline
BG_0146,24.45247690454448,93.58784286262484,473.8638826213513,1257.1911342494143,unclassified,,1446864076.0,stream,,1247670675.0,5000.0,5000.0,True,True,True,OpenStreetMap via Overpass API,2026-09-05T06:17:05Z,local equirectangular point-to-polyline
BG_0147,26.796706385166907,91.78269056353616,3765.815828343149,151.4223261811551,tertiary,,605920906.0,stream,Nalapara Nadi,973607386.0,5000.0,5000.0,True,True,True,OpenStreetMap via Overpass API,2026-09-05T06:17:05Z,local equirectangular point-to-polyline
BG_0148,24.417545654882225,93.7774394634178,60.50767745751101,93.04269848697538,unclassified,,1492578383.0,river,Khuga River,385483919.0,5000.0,5000.0,True,True,True,OpenStreetMap via Overpass API,2026-09-05T06:18:06Z,local equirectangular point-to-polyline
BG_0149,25.055418623820827,94.72359337552746,4179.869687805609,3166.449367236893,unclassified,,1268374508.0,river,Sana Lok,772793578.0,5000.0,5000.0,True,True,True,OpenStreetMap via Overpass API,2026-09-05T06:18:06Z,local equirectangular point-to-polyline
BG_0150,27.459124259346687,88.18354667035143,9556.678447309743,600.4629053305333,tertiary,,466012113.0,river,Prek Chu,45244954.0,15000.0,5000.0,True,True,True,OpenStreetMap via Overpass API,2026-09-05T06:19:07Z,local equirectangular point-to-polyline
BG_0151,27.73579433895211,88.69932059377882,3167.971975320954,1887.7331195802708,tertiary,,117990939.0,stream,,1202223824.0,5000.0,5000.0,True,True,True,OpenStreetMap via Overpass API,2026-09-05T06:20:16Z,local equirectangular point-to-polyline
BG_0152,25.130871186035627,93.74779338449986,2874.9186810797105,2888.1448424254586,residential,,1436785084.0,river,Irang River,198324594.0,5000.0,5000.0,True,True,True,OpenStreetMap via Overpass API,2026-09-05T06:21:21Z,local equirectangular point-to-polyline
BG_0153,26.248888142878908,90.69942219721528,2332.1130248804466,1347.796656607344,residential,,1292176436.0,river,Aai,44889751.0,5000.0,5000.0,True,True,True,OpenStreetMap via Overpass API,2026-09-05T06:21:21Z,local equirectangular point-to-polyline
BG_0154,24.586759737389897,92.61457398114706,33.14909306757919,1912.842563383944,residential,,1132664773.0,river,Tlawng,297310753.0,5000.0,5000.0,True,True,True,OpenStreetMap via Overpass API,2026-09-05T06:22:21Z,local equirectangular point-to-polyline
BG_0155,27.602477272715443,88.76795620556504,4446.293178703961,2511.416092099792,track,,1214831313.0,river,,1215115447.0,5000.0,5000.0,True,True,True,OpenStreetMap via Overpass API,2026-09-05T06:22:21Z,local equirectangular point-to-polyline
BG_0156,25.60741753218399,93.18214480871484,7501.576954906801,1856.978722671972,trunk,,843621716.0,river,Lumding River,335261964.0,15000.0,5000.0,True,True,True,OpenStreetMap via Overpass API,2026-09-05T06:23:21Z,local equirectangular point-to-polyline
BG_0157,27.450067545155218,95.25522201777991,24.70190915605372,1460.2105975861743,residential,,1126425613.0,stream,,717093600.0,5000.0,5000.0,True,True,True,OpenStreetMap via Overpass API,2026-09-05T06:24:21Z,local equirectangular point-to-polyline
BG_0158,24.70615079243555,92.79272712626,26.324381957976733,3177.037601270807,tertiary,,668429264.0,river,Baraputhi Khāl,1057818026.0,5000.0,5000.0,True,True,True,OpenStreetMap via Overpass API,2026-09-05T06:24:21Z,local equirectangular point-to-polyline
BG_0159,27.64976050069439,88.51388142035276,7576.59242676088,167.96226517602022,tertiary,North Sikkim Highway,312124116.0,stream,,599775748.0,15000.0,5000.0,True,True,True,OpenStreetMap via Overpass API,2026-09-05T06:25:20Z,local equirectangular point-to-polyline
BG_0160,27.417143510208103,88.42632089858496,2732.646525106406,355.3336648611011,unclassified,,1213387467.0,stream,,599759725.0,5000.0,5000.0,True,True,True,OpenStreetMap via Overpass API,2026-09-05T06:26:21Z,local equirectangular point-to-polyline
BG_0161,27.811450014327864,88.18451666475251,13170.97675631756,7333.937369293381,track,,1153267680.0,stream,Lungma Chu,134410495.0,15000.0,15000.0,True,True,True,OpenStreetMap via Overpass API,2026-09-05T06:27:20Z,local equirectangular point-to-polyline
BG_0162,24.267057994000364,93.98496740697944,1419.3833156542603,2979.8677720876567,track,,1189772490.0,river,Chakpi River,385485444.0,5000.0,5000.0,True,True,True,OpenStreetMap via Overpass API,2026-09-05T06:27:20Z,local equirectangular point-to-polyline
BG_0163,27.819561813037208,88.68867799440928,766.9792474976473,1082.316656799446,tertiary,,117990902.0,river,Lachung Chu,170015107.0,5000.0,5000.0,True,True,True,OpenStreetMap via Overpass API,2026-09-05T06:28:21Z,local equirectangular point-to-polyline
BG_0164,26.062691036956487,89.93253581779355,799.4948408159883,4045.483776329429,secondary,,609751745.0,river,Godadhar,177618242.0,5000.0,5000.0,True,True,True,OpenStreetMap via Overpass API,2026-09-05T06:28:21Z,local equirectangular point-to-polyline
BG_0165,25.88870862150068,93.0221811819059,374.06773733380766,1111.392474963616,secondary,,228977897.0,stream,Lanka Jan,669081797.0,5000.0,5000.0,True,True,True,OpenStreetMap via Overpass API,2026-09-05T06:29:21Z,local equirectangular point-to-polyline
BG_0166,26.79298966014766,91.83803121630469,181.42082076817,1075.6653343255125,secondary,,170003980.0,river,Kala River,973469819.0,5000.0,5000.0,True,True,True,OpenStreetMap via Overpass API,2026-09-05T06:30:21Z,local equirectangular point-to-polyline
BG_0167,27.43209997672512,95.0846994951408,83.61373334523196,539.1249294413068,track,,713481941.0,river,,715221598.0,5000.0,5000.0,True,True,True,OpenStreetMap via Overpass API,2026-09-05T06:30:21Z,local equirectangular point-to-polyline
BG_0168,27.048795547678584,94.24030612115097,230.39348044485592,1109.2290394038205,residential,,1077649218.0,river,Luhit River,100812565.0,5000.0,5000.0,True,True,True,OpenStreetMap via Overpass API,2026-09-05T06:31:20Z,local equirectangular point-to-polyline
BG_0169,26.55694964632381,90.130965206435,836.3425366407313,107.98947121747965,trunk,,566210439.0,river,Hel River,1249084270.0,5000.0,5000.0,True,True,True,OpenStreetMap via Overpass API,2026-09-05T06:31:20Z,local equirectangular point-to-polyline
BG_0170,26.566870926587686,90.32068198552425,1237.245944974802,527.0186929419345,trunk,,566210445.0,river,Gouranga,226704957.0,5000.0,5000.0,True,True,True,OpenStreetMap via Overpass API,2026-09-05T06:32:26Z,local equirectangular point-to-polyline
BG_0171,26.173436867240905,90.61848383033544,177.6570249344324,2132.480308219484,primary,,363595961.0,river,Dhudhnai River,467564887.0,5000.0,5000.0,True,True,True,OpenStreetMap via Overpass API,2026-09-05T06:32:26Z,local equirectangular point-to-polyline
BG_0172,26.3897702028578,91.8822932108542,15.780832941592294,2946.022543366073,residential,,1141953034.0,river,Nanoi,226734913.0,5000.0,5000.0,True,True,True,OpenStreetMap via Overpass API,2026-09-05T06:33:31Z,local equirectangular point-to-polyline
BG_0173,27.483171608118624,88.19409538785574,11783.133797664846,933.4888969734344,tertiary,,466012113.0,river,Prek Chu,45244954.0,15000.0,5000.0,True,True,True,OpenStreetMap via Overpass API,2026-09-05T06:34:36Z,local equirectangular point-to-polyline
BG_0174,22.55318341034111,92.826787472787,2658.223388098291,2828.9768955132354,tertiary,,663556256.0,river,Ngengpui,174152905.0,5000.0,5000.0,True,True,True,OpenStreetMap via Overpass API,2026-09-05T06:34:36Z,local equirectangular point-to-polyline
BG_0175,27.67337238842374,88.26233510858971,18115.545910399385,4041.556524611945,track,,1216095925.0,stream,Umaram Chu,134410514.0,30000.0,5000.0,True,True,True,OpenStreetMap via Overpass API,2026-09-05T06:37:36Z,local equirectangular point-to-polyline
BG_0176,25.217159659545224,94.18722626870534,4193.905314513335,2555.4479066093973,secondary,,575867986.0,river,Iril River,385538847.0,5000.0,5000.0,True,True,True,OpenStreetMap via Overpass API,2026-09-05T06:37:36Z,local equirectangular point-to-polyline
BG_0177,27.9178256658008,88.27295573803258,2088.125071762506,1558.5786914734722,track,,1153267680.0,river,Goma Chu,293178138.0,5000.0,5000.0,True,True,True,OpenStreetMap via Overpass API,2026-09-05T06:39:36Z,local equirectangular point-to-polyline
BG_0178,27.83603894973124,88.62798427952181,6303.471045264014,4541.158847275251,tertiary,,117990960.0,stream,,599010848.0,15000.0,5000.0,True,True,True,OpenStreetMap via Overpass API,2026-09-05T06:40:36Z,local equirectangular point-to-polyline
BG_0179,27.959255433243342,88.6111355393025,3228.4206778118514,2250.395613355117,tertiary,North Sikkim Highway,1219736542.0,river,Lasha Chu,599006002.0,5000.0,5000.0,True,True,True,OpenStreetMap via Overpass API,2026-09-05T06:41:36Z,local equirectangular point-to-polyline
BG_0180,28.02754060552233,88.58308884452249,673.0061394823947,1285.9216428823645,unclassified,,991322814.0,river,Lachen Chu,293185705.0,5000.0,5000.0,True,True,True,OpenStreetMap via Overpass API,2026-09-05T06:41:36Z,local equirectangular point-to-polyline
BG_0181,27.68769213022747,88.41315462716798,11947.349799953998,698.9203025961101,unclassified,,1460221974.0,river,Ringi Chu,134410519.0,15000.0,5000.0,True,True,True,OpenStreetMap via Overpass API,2026-09-05T06:42:36Z,local equirectangular point-to-polyline
BG_0182,24.29804176678693,92.88297216349704,3331.419246020202,69.72057839552913,unclassified,,1058868980.0,stream,,310419866.0,5000.0,5000.0,True,True,True,OpenStreetMap via Overpass API,2026-09-05T06:42:36Z,local equirectangular point-to-polyline
BG_0183,23.184379154788395,93.2294807959908,326.1288249669764,2646.096596112832,primary,,22826852.0,stream,,1331561400.0,5000.0,5000.0,True,True,True,OpenStreetMap via Overpass API,2026-09-05T06:44:36Z,local equirectangular point-to-polyline
BG_0184,23.867355496047285,93.2080168392735,205.80483378701567,247.79897740288345,trunk,,1296332541.0,stream,,1330384095.0,5000.0,5000.0,True,True,True,OpenStreetMap via Overpass API,2026-09-05T06:44:36Z,local equirectangular point-to-polyline
BG_0185,27.90924297429654,88.34511006028679,1524.0363551990986,1358.7577844245552,track,,1434855475.0,stream,Khora Chu,134410526.0,5000.0,5000.0,True,True,True,OpenStreetMap via Overpass API,2026-09-05T06:45:36Z,local equirectangular point-to-polyline
BG_0186,23.67712385377633,92.7932707094394,1340.1714773492408,32.92511054276017,track,,1058742628.0,river,Tuirial River,385437463.0,5000.0,5000.0,True,True,True,OpenStreetMap via Overpass API,2026-09-05T06:45:36Z,local equirectangular point-to-polyline
BG_0187,23.8677343922001,91.94457574174952,5264.585331721217,5150.457116912169,trunk,,238313306.0,river,Manu,385125251.0,15000.0,15000.0,True,True,True,OpenStreetMap via Overpass API,2026-09-05T06:47:36Z,local equirectangular point-to-polyline
BG_0188,24.38371014310428,92.12370734207175,241.33143528307664,3688.866591503578,trunk,208A,1353683197.0,drain,,830353577.0,5000.0,5000.0,True,True,True,OpenStreetMap via Overpass API,2026-09-05T06:47:36Z,local equirectangular point-to-polyline
BG_0189,22.994609332952336,92.61332161708764,812.6354394899179,1572.501924265963,unclassified,,615752192.0,river,,661525605.0,5000.0,5000.0,True,True,True,OpenStreetMap via Overpass API,2026-09-05T06:48:35Z,local equirectangular point-to-polyline
BG_0190,23.21218411004549,92.61588579603816,1681.2481672372942,465.34132837925233,track,,1464923519.0,river,Tut,662197166.0,5000.0,5000.0,True,True,True,OpenStreetMap via Overpass API,2026-09-05T06:48:35Z,local equirectangular point-to-polyline
BG_0191,26.98642659046624,93.93552450930136,91.06100302884016,604.4259867682356,tertiary,,1126843670.0,river,Dikrong River,329486185.0,5000.0,5000.0,True,True,True,OpenStreetMap via Overpass API,2026-09-05T06:49:36Z,local equirectangular point-to-polyline
BG_0192,24.516018917527614,92.32033174596292,654.7002468469808,1100.5451572640593,trunk,,44769565.0,river,Longai River,964887595.0,5000.0,5000.0,True,True,True,OpenStreetMap via Overpass API,2026-09-05T06:49:36Z,local equirectangular point-to-polyline
BG_0193,25.7014977151918,92.79087365512174,288.2445425246886,1107.7634681049444,tertiary,,666880704.0,river,Kopili,44722287.0,5000.0,5000.0,True,True,True,OpenStreetMap via Overpass API,2026-09-05T06:50:40Z,local equirectangular point-to-polyline
BG_0194,24.657096039778395,93.62788397150052,360.0837317809391,185.25441919316512,secondary,Old Cachar Road,387930268.0,river,Leimatak,198324598.0,5000.0,5000.0,True,True,True,OpenStreetMap via Overpass API,2026-09-05T06:50:40Z,local equirectangular point-to-polyline
BG_0195,27.49728314149345,88.33867154454254,9773.327206629285,216.575505436103,unclassified,,597048928.0,stream,Kauum Chu,1214315130.0,15000.0,5000.0,True,True,True,OpenStreetMap via Overpass API,2026-09-05T06:52:49Z,local equirectangular point-to-polyline
BG_0196,27.207651589119635,88.18556495644621,1666.1999029925794,832.2836444526242,residential,,597329122.0,stream,Rishi,577532791.0,5000.0,5000.0,True,True,True,OpenStreetMap via Overpass API,2026-09-05T06:52:49Z,local equirectangular point-to-polyline
BG_0197,24.678165470318525,94.4750567066873,563.3993742136533,618.4450113064768,tertiary,,1101637571.0,stream,,1549746818.0,5000.0,5000.0,True,True,True,OpenStreetMap via Overpass API,2026-09-05T06:53:49Z,local equirectangular point-to-polyline
BG_0198,25.02575797860144,94.1463657546519,35.173925877445235,118.21918403527326,tertiary,,1462830192.0,stream,,687019673.0,5000.0,5000.0,True,True,True,OpenStreetMap via Overpass API,2026-09-05T06:53:49Z,local equirectangular point-to-polyline
BG_0199,24.234320524788654,93.33803294235148,834.2446596666625,169.42329781226192,unclassified,,1184088733.0,river,Tuivai,174064550.0,5000.0,5000.0,True,True,True,OpenStreetMap via Overpass API,2026-09-05T06:54:51Z,local equirectangular point-to-polyline
BG_0200,27.41923626271408,88.22919710573251,4496.749538319712,1883.715349180725,tertiary,,466012113.0,stream,,685787540.0,5000.0,5000.0,True,True,True,OpenStreetMap via Overpass API,2026-09-05T06:55:51Z,local equirectangular point-to-polyline
BG_0201,24.810832575363065,94.28643540499738,3820.117026162199,9656.671074705877,track,,1127944965.0,stream,,1272875259.0,5000.0,15000.0,True,True,True,OpenStreetMap via Overpass API,2026-09-05T06:56:51Z,local equirectangular point-to-polyline
BG_0202,24.718185231218456,94.29343844776,3744.0753597098847,7275.8123489795025,residential,,1127952438.0,river,,456353321.0,5000.0,15000.0,True,True,True,OpenStreetMap via Overpass API,2026-09-05T06:58:51Z,local equirectangular point-to-polyline
BG_0203,27.618074912025744,88.71888118067086,2103.4972611469,178.669493020199,tertiary,,117990926.0,river,,1215124463.0,5000.0,5000.0,True,True,True,OpenStreetMap via Overpass API,2026-09-05T07:43:36Z,local equirectangular point-to-polyline
BG_0204,27.60821069982224,88.11234650666478,20498.802994080907,5503.685155005099,track,,534812082.0,stream,,1414660398.0,30000.0,15000.0,True,True,True,OpenStreetMap via Overpass API,2026-07-26T09:09:51Z,local equirectangular point-to-polyline
BG_0205,27.989316118399586,88.72360493853138,2688.8562079704257,4955.033684491084,unclassified,,991328218.0,stream,,193275304.0,5000.0,5000.0,True,True,True,OpenStreetMap via Overpass API,2026-05-31T22:37:44Z,local equirectangular point-to-polyline
BG_0206,25.89298289714468,92.99374568602651,592.611973455108,1307.6175178523988,tertiary,,669081787.0,stream,Lanka Jan,669081797.0,5000.0,5000.0,True,True,True,OpenStreetMap via Overpass API,2026-05-06T03:25:00Z,local equirectangular point-to-polyline
BG_0207,25.67657331281544,92.72537456670906,377.4562770288563,4322.061417735665,tertiary,,666880690.0,river,Mynriang River,226940744.0,5000.0,5000.0,True,True,True,OpenStreetMap via Overpass API,2026-05-06T03:25:00Z,local equirectangular point-to-polyline
BG_0208,26.46926019588729,90.20913174218929,251.5058344829309,1737.0273845471934,tertiary,,345070446.0,stream,,1388562352.0,5000.0,5000.0,True,True,True,OpenStreetMap via Overpass API,2026-07-15T15:22:01Z,local equirectangular point-to-polyline
BG_0209,24.344116490235542,93.0870317525508,1844.215110825763,590.6121185190892,unclassified,JT Road,1240238111.0,river,Barak River,128600546.0,5000.0,5000.0,True,True,True,OpenStreetMap via Overpass API,2026-05-31T22:37:44Z,local equirectangular point-to-polyline
BG_0210,26.23936665358692,93.69912722827463,7822.797694978984,2724.967595523001,track,,1467042673.0,river,Deopani Nadi,155250505.0,15000.0,5000.0,True,True,True,OpenStreetMap via Overpass API,2026-09-05T08:05:05Z,local equirectangular point-to-polyline
BG_0211,25.876387018541383,93.05128574313204,620.3861602640362,3642.0332285440895,trunk,,366128959.0,stream,Lanka Jan,669081797.0,5000.0,5000.0,True,True,True,OpenStreetMap via Overpass API,2026-07-15T15:22:01Z,local equirectangular point-to-polyline
BG_0212,27.974426115596284,88.64975813734323,5354.176505223401,1790.5882508684251,unclassified,,1219736559.0,river,Lasha Chu,599006002.0,15000.0,5000.0,True,True,True,OpenStreetMap via Overpass API,2026-09-05T08:10:06Z,local equirectangular point-to-polyline
BG_0213,25.012586675944803,92.5520584839688,721.3419137842102,2451.088009876897,track,,1057495024.0,river,Larang Nadi,745001583.0,5000.0,5000.0,True,True,True,OpenStreetMap via Overpass API,2026-07-15T15:22:01Z,local equirectangular point-to-polyline
BG_0214,24.5009238388417,92.32731521457444,496.0446468709199,179.9256375909763,trunk,,44769565.0,river,Longai River,964887595.0,5000.0,5000.0,True,True,True,OpenStreetMap via Overpass API,2026-05-31T22:37:44Z,local equirectangular point-to-polyline
BG_0215,26.68714704176504,92.39540029548192,1192.562825267982,679.4986065277695,trunk,,238668507.0,river,,155294105.0,5000.0,5000.0,True,True,True,OpenStreetMap via Overpass API,2026-09-05T08:22:21Z,local equirectangular point-to-polyline
BG_0216,26.29010800728956,93.40457993587911,7624.727614662738,7456.358427250576,track,,1313338039.0,stream,,771969443.0,15000.0,15000.0,True,True,True,OpenStreetMap via Overpass API,2026-09-05T08:28:35Z,local equirectangular point-to-polyline
BG_0217,26.68803935817568,91.93305173058113,909.5735102892976,517.0488121875704,tertiary,,612391976.0,river,Khulsi River,159136151.0,5000.0,5000.0,True,True,True,OpenStreetMap via Overpass API,2026-09-05T08:31:35Z,local equirectangular point-to-polyline
BG_0218,22.84844877183769,92.9649982990129,957.2068057823584,928.728580469998,primary,,617341846.0,river,,661477222.0,5000.0,5000.0,True,True,True,OpenStreetMap via Overpass API,2026-09-05T08:35:36Z,local equirectangular point-to-polyline
BG_0219,22.51974345219015,93.0314211438648,89.2695438785687,2541.5636112166976,primary,,450177311.0,stream,,663090417.0,5000.0,5000.0,True,True,True,OpenStreetMap via Overpass API,2026-09-05T08:38:36Z,local equirectangular point-to-polyline
BG_0220,27.317494935816686,95.56965193792624,1141.809478778127,2516.646564592291,unclassified,,961145668.0,river,Burhi Dihing,229034221.0,5000.0,5000.0,True,True,True,OpenStreetMap via Overpass API,2026-06-01T08:52:28Z,local equirectangular point-to-polyline
BG_0221,23.22576755132243,91.4658815038142,964.8534416650692,1195.2027112657308,residential,,1315657255.0,stream,,1315657252.0,5000.0,5000.0,True,True,True,OpenStreetMap via Overpass API,2026-05-31T22:37:44Z,local equirectangular point-to-polyline
BG_0222,23.838762464757743,92.1781006061786,3463.470348065745,2593.507929265695,secondary,,248824769.0,river,,226207294.0,5000.0,5000.0,True,True,True,OpenStreetMap via Overpass API,2026-07-26T10:26:59Z,local equirectangular point-to-polyline
BG_0223,26.5058521630086,90.6933035469236,215.9039751485676,64.03668299799261,residential,,932827966.0,river,,226704956.0,5000.0,5000.0,True,True,True,OpenStreetMap via Overpass API,2026-06-01T08:52:28Z,local equirectangular point-to-polyline
BG_0224,25.998911608227832,93.88151116482386,77.94714075265146,1831.8466896391208,unclassified,,1128381924.0,river,,329553120.0,5000.0,5000.0,True,True,True,OpenStreetMap via Overpass API,2026-09-05T09:27:45Z,local equirectangular point-to-polyline
BG_0225,26.43484781523455,92.19634231072696,4585.157944244672,425.63426972659056,residential,,971888401.0,river,Brahmaputra,367136354.0,5000.0,5000.0,True,True,True,OpenStreetMap via Overpass API,2026-09-05T14:28:16Z,local equirectangular point-to-polyline
BG_0226,27.22828281991648,94.96471640152512,41.90057884969035,2674.720007601939,unclassified,,713533969.0,stream,,714361298.0,5000.0,5000.0,True,True,True,OpenStreetMap via Overpass API,2026-09-05T14:33:21Z,local equirectangular point-to-polyline
BG_0227,27.442715519106432,95.51959231113668,127.67879759908156,10520.707635882767,unclassified,,1126398713.0,river,,227209693.0,5000.0,15000.0,True,True,True,OpenStreetMap via Overpass API,2026-09-05T19:12:56Z,local equirectangular point-to-polyline
BG_0228,26.335415797353555,93.33692730162652,1632.7838595054088,414.27755969310095,primary,,1313338042.0,stream,,771969443.0,5000.0,5000.0,True,True,True,OpenStreetMap via Overpass API,2026-09-05T19:17:06Z,local equirectangular point-to-polyline
BG_0229,26.14580800428415,93.41978517881658,4187.2451903405,390.7761219384889,track,,1316220614.0,stream,,329683844.0,5000.0,5000.0,True,True,True,OpenStreetMap via Overpass API,2026-06-01T08:52:28Z,local equirectangular point-to-polyline
BG_0230,26.094110584938,90.7610629053801,496.04867811199176,180.86558819716765,residential,,589569902.0,river,Dhudhnai River,467564887.0,5000.0,5000.0,True,True,True,OpenStreetMap via Overpass API,2026-09-05T19:22:06Z,local equirectangular point-to-polyline
BG_0231,26.09207317183287,90.41915699177828,659.062524042187,5495.935622647563,residential,,589569934.0,river,,1002463349.0,5000.0,15000.0,True,True,True,OpenStreetMap via Overpass API,2026-09-05T19:26:06Z,local equirectangular point-to-polyline
BG_0232,27.27717721244681,94.29504082773803,680.382320505716,1711.8408025437832,unclassified,,230345020.0,stream,,287765424.0,5000.0,5000.0,True,True,True,OpenStreetMap via Overpass API,2026-07-15T15:22:01Z,local equirectangular point-to-polyline
BG_0233,27.050618635018363,94.46608026546636,4398.384917431427,1838.9555868499456,tertiary,,284821166.0,river,Brahmaputra,157701252.0,5000.0,5000.0,True,True,True,OpenStreetMap via Overpass API,2026-05-06T03:25:00Z,local equirectangular point-to-polyline
BG_0234,26.57281757019824,93.2657267308044,70.69221481376013,907.2871374105448,unclassified,,1411464229.0,river,Mora Diphlu,1070970786.0,5000.0,5000.0,True,True,True,OpenStreetMap via Overpass API,2026-09-05T19:35:21Z,local equirectangular point-to-polyline
BG_0235,22.3306560773743,92.99661090199533,1014.1133821795466,1115.6421334278514,secondary,,663087726.0,stream,,663085612.0,5000.0,5000.0,True,True,True,OpenStreetMap via Overpass API,2026-09-05T19:39:21Z,local equirectangular point-to-polyline
BG_0236,24.34348012513681,93.50775564831608,141.88182304482592,1494.0575119440534,unclassified,,1478851668.0,river,Tuili,668351868.0,5000.0,5000.0,True,True,True,OpenStreetMap via Overpass API,2026-05-31T22:37:44Z,local equirectangular point-to-polyline
BG_0237,25.910890582898112,92.90285442771548,578.6314774693033,64.35818110729826,unclassified,,1206068405.0,stream,Lanka Jan,669081665.0,5000.0,5000.0,True,True,True,OpenStreetMap via Overpass API,2026-07-24T11:04:51Z,local equirectangular point-to-polyline
BG_0238,25.30480540639589,93.9539526306467,3774.568011635396,1812.9621493994775,unclassified,,1462820641.0,river,Irang River,198324595.0,5000.0,5000.0,True,True,True,OpenStreetMap via Overpass API,2026-09-05T19:47:36Z,local equirectangular point-to-polyline
BG_0239,25.044594307617214,94.40725270497548,553.0839919951248,1737.558925212189,tertiary,,1463706752.0,stream,Lungshang Khong,678481082.0,5000.0,5000.0,True,True,True,OpenStreetMap via Overpass API,,local equirectangular point-to-polyline
BG_0240,26.875874811291123,91.86884695527986,822.5745678741155,1174.944485065832,track,,973578812.0,stream,,973568502.0,5000.0,5000.0,True,True,True,OpenStreetMap via Overpass API,2026-09-05T19:54:35Z,local equirectangular point-to-polyline
BG_0241,24.15365780882785,93.86565676958612,1468.9974839059237,1573.220493662256,unclassified,,813231535.0,river,Kana Lok,813245689.0,5000.0,5000.0,True,True,True,OpenStreetMap via Overpass API,2026-05-06T03:25:00Z,local equirectangular point-to-polyline
BG_0242,24.64664001131817,93.41004010325578,5128.996526791709,1965.3267316390145,unclassified,,667330843.0,river,Irang River,666155546.0,15000.0,5000.0,True,True,True,OpenStreetMap via Overpass API,2026-07-26T18:32:32Z,local equirectangular point-to-polyline
BG_0243,24.525984944347016,93.25214322625956,11818.591749264351,742.6527546798252,track,Vantaitang track,1246919464.0,river,Irang River,666155546.0,15000.0,5000.0,True,True,True,OpenStreetMap via Overpass API,2026-07-26T18:32:32Z,local equirectangular point-to-polyline
BG_0244,24.592752248139217,93.47240198263474,270.9097021669029,961.234347286326,unclassified,,1525025987.0,stream,Duirin Lui,666155541.0,5000.0,5000.0,True,True,True,OpenStreetMap via Overpass API,2026-09-05T20:11:01Z,local equirectangular point-to-polyline
BG_0245,26.429328411088413,91.83680474454177,269.6871415125753,1346.889882601022,service,,1142031535.0,river,,987034736.0,5000.0,5000.0,True,True,True,OpenStreetMap via Overpass API,2026-09-05T20:15:02Z,local equirectangular point-to-polyline
BG_0246,24.36109016536987,94.17406165201707,326.40561424282856,2908.7105222095483,trunk,,237999914.0,stream,,1467047433.0,5000.0,5000.0,True,True,True,OpenStreetMap via Overpass API,2026-06-01T08:52:28Z,local equirectangular point-to-polyline
BG_0247,24.91614733734401,93.561941693517,301.76961973567154,387.1431790663729,tertiary,,667342735.0,river,Irang River,128600558.0,5000.0,5000.0,True,True,True,OpenStreetMap via Overpass API,2026-09-05T20:21:05Z,local equirectangular point-to-polyline
BG_0248,24.48317198695572,93.22141842632068,10095.27214988946,1374.4722682194304,track,Vantaitang track,1246919464.0,river,Irang River,666155546.0,15000.0,5000.0,True,True,True,OpenStreetMap via Overpass API,2026-09-05T20:30:21Z,local equirectangular point-to-polyline
BG_0249,25.13129861246513,94.68735998578823,12230.214058748754,9636.445007894792,unclassified,,1268374508.0,river,,390028647.0,15000.0,15000.0,True,True,True,OpenStreetMap via Overpass API,2026-09-05T20:38:21Z,local equirectangular point-to-polyline
BG_0250,24.9390151368065,93.66590096893168,688.1696486959411,403.7723280350675,tertiary,,758802483.0,river,Iring,198324593.0,5000.0,5000.0,True,True,True,OpenStreetMap via Overpass API,2026-09-05T20:42:28Z,local equirectangular point-to-polyline
BG_0251,25.07857325326139,94.41322965203044,3167.2541960038943,536.1518868596075,trunk,,238040461.0,stream,Lungshang Khong,678481082.0,5000.0,5000.0,True,True,True,OpenStreetMap via Overpass API,2026-09-05T20:46:35Z,local equirectangular point-to-polyline
BG_0252,24.811404772808217,94.18654311951931,329.5075606163785,1316.6414506828105,secondary,,995883325.0,stream,,1272875248.0,5000.0,5000.0,True,True,True,OpenStreetMap via Overpass API,2026-06-01T08:52:28Z,local equirectangular point-to-polyline
BG_0253,24.61996108142638,94.11665916973736,716.1877271229287,3238.637901245761,residential,,1127694403.0,stream,Phowaibi,1190882886.0,5000.0,5000.0,True,True,True,OpenStreetMap via Overpass API,2026-07-24T11:04:51Z,local equirectangular point-to-polyline
BG_0254,24.50692308155893,93.6124453731808,2659.420655855167,464.7493493609567,track,,1359072626.0,river,Leimatak,455095274.0,5000.0,5000.0,True,True,True,OpenStreetMap via Overpass API,2026-05-06T03:25:00Z,local equirectangular point-to-polyline
BG_0255,25.47557315669677,94.45214618508216,2195.268064104388,2858.1470315621264,trunk,,242787117.0,river,Lainyi River,329639989.0,5000.0,5000.0,True,True,True,OpenStreetMap via Overpass API,2026-07-24T11:04:51Z,local equirectangular point-to-polyline
BG_0256,24.45890126309209,93.03747072461516,1674.9111473699957,215.71435767528584,residential,,198312329.0,river,Barak River,128600546.0,5000.0,5000.0,True,True,True,OpenStreetMap via Overpass API,2026-07-15T15:22:01Z,local equirectangular point-to-polyline
BG_0257,24.13448927010708,93.63886593859048,915.6605871351352,34.171052762080826,unclassified,,1421551197.0,river,Khuga River,385483917.0,5000.0,5000.0,True,True,True,OpenStreetMap via Overpass API,2026-05-06T03:25:00Z,local equirectangular point-to-polyline
BG_0258,25.266288786266475,94.44544909492596,953.5041845890196,2685.866931129957,tertiary,,252406370.0,river,Langdang,155282652.0,5000.0,5000.0,True,True,True,OpenStreetMap via Overpass API,2026-09-05T21:03:51Z,local equirectangular point-to-polyline
BG_0259,24.596635912982503,93.74700797653004,334.039320553988,314.73301241147976,unclassified,,666205027.0,stream,Charoikhul Lok,666205014.0,5000.0,5000.0,True,True,True,OpenStreetMap via Overpass API,2026-07-24T11:04:51Z,local equirectangular point-to-polyline
BG_0260,24.27443370097582,94.170484171936,2886.954191032923,4282.608463411616,track,,455289253.0,river,Tuta Lok,169977260.0,5000.0,5000.0,True,True,True,OpenStreetMap via Overpass API,2026-06-01T08:52:28Z,local equirectangular point-to-polyline
BG_0261,24.362541898618908,93.75858498765464,1067.8882757885076,111.11336363011624,tertiary,,995941442.0,stream,,1459697048.0,5000.0,5000.0,True,True,True,OpenStreetMap via Overpass API,2026-05-06T03:25:00Z,local equirectangular point-to-polyline
BG_0262,24.667403476541807,94.29853252605372,713.8034173274715,3489.4915284454337,tertiary,,385456145.0,river,,456353321.0,5000.0,5000.0,True,True,True,OpenStreetMap via Overpass API,2026-09-05T21:12:51Z,local equirectangular point-to-polyline
BG_0263,24.4081595251864,93.91792768027072,279.54404448220646,7115.939214252285,primary,,569902896.0,river,Manipur River,227364935.0,5000.0,15000.0,True,True,True,OpenStreetMap via Overpass API,2026-09-05T21:19:05Z,local equirectangular point-to-polyline
BG_0264,24.704744629583,94.40513780957414,1748.2858375974315,3540.665842914518,trunk,,385471473.0,river,Taret River,1203304489.0,5000.0,5000.0,True,True,True,OpenStreetMap via Overpass API,2026-05-06T03:25:00Z,local equirectangular point-to-polyline
BG_0265,24.356674801724623,93.78959976041972,1269.3790923504482,519.3049271519343,tertiary,,995941442.0,stream,,1460388411.0,5000.0,5000.0,True,True,True,OpenStreetMap via Overpass API,2026-09-05T21:24:06Z,local equirectangular point-to-polyline
BG_0266,26.15922109860999,92.1117224295734,670.3392842983741,34.359473160996544,residential,,1139137368.0,river,,1212517343.0,5000.0,5000.0,True,True,True,OpenStreetMap via Overpass API,2026-06-01T08:52:28Z,local equirectangular point-to-polyline
BG_0267,23.59546607688925,92.55177999314128,4174.500698869112,3474.287293559231,secondary,,615713261.0,river,Tut,197997792.0,5000.0,5000.0,True,True,True,OpenStreetMap via Overpass API,2026-09-05T21:28:06Z,local equirectangular point-to-polyline
BG_0268,23.37193253871399,93.28776788208066,116.11602372694963,2763.5048124786226,unclassified,,1357553453.0,stream,,1331367374.0,5000.0,5000.0,True,True,True,OpenStreetMap via Overpass API,2026-07-15T15:22:01Z,local equirectangular point-to-polyline
BG_0269,24.12364218187452,92.37794222926604,778.458823277316,4780.124537869931,trunk,,311662965.0,river,,385092114.0,5000.0,5000.0,True,True,True,OpenStreetMap via Overpass API,2026-09-05T21:34:21Z,local equirectangular point-to-polyline
BG_0270,24.382994155711508,92.77285375377738,673.5832632506493,484.5941274704066,unclassified,,1295690809.0,river,Serlui,663223203.0,5000.0,5000.0,True,True,True,OpenStreetMap via Overpass API,2026-09-05T21:35:21Z,local equirectangular point-to-polyline
BG_0271,23.10511957581938,92.51880194626597,5061.090773970996,2510.234870492553,unclassified,,1464908322.0,river,,661525605.0,15000.0,5000.0,True,True,True,OpenStreetMap via Overpass API,2026-09-05T21:36:21Z,local equirectangular point-to-polyline
BG_0272,23.98299790687944,93.02343097631766,1165.1250007492058,2620.015442187924,primary,,385140327.0,river,Tuivawl,198312358.0,5000.0,5000.0,True,True,True,OpenStreetMap via Overpass API,2026-09-05T21:37:21Z,local equirectangular point-to-polyline
BG_0273,24.561414895989834,92.58718490683394,10.577350480431395,195.93827639889585,tertiary,,540997667.0,river,,1312959548.0,5000.0,5000.0,True,True,True,OpenStreetMap via Overpass API,2026-09-05T21:37:21Z,local equirectangular point-to-polyline
BG_0274,26.112874734024352,89.80246020594117,12.13418431694633,1095.214589588102,secondary,,184479349.0,canal,,585336550.0,5000.0,5000.0,True,True,True,OpenStreetMap via Overpass API,2026-09-05T21:38:21Z,local equirectangular point-to-polyline
BG_0275,26.49423648245945,92.41103954769414,1512.398855262525,922.9569634085508,residential,,1281028423.0,river,,1256023177.0,5000.0,5000.0,True,True,True,OpenStreetMap via Overpass API,2026-09-05T21:38:21Z,local equirectangular point-to-polyline
BG_0276,23.01595106489595,92.5406490577373,4197.61253968647,3967.604104534703,unclassified,,1455839775.0,river,,661525605.0,5000.0,5000.0,True,True,True,OpenStreetMap via Overpass API,2026-09-05T21:39:21Z,local equirectangular point-to-polyline
BG_0277,22.16206489626773,93.04042473778304,2705.66204678291,274.53938578644164,primary,,530520465.0,river,,661467748.0,5000.0,5000.0,True,True,True,OpenStreetMap via Overpass API,2026-09-05T21:39:21Z,local equirectangular point-to-polyline
BG_0278,26.082007860246108,93.02286591872308,291.2769655850803,383.6702826267551,secondary,,461729577.0,canal,,1314689564.0,5000.0,5000.0,True,True,True,OpenStreetMap via Overpass API,2026-09-05T21:40:21Z,local equirectangular point-to-polyline
BG_0279,25.93936185364052,92.16594918742302,1959.3850660139567,705.2812896425565,secondary,,611095480.0,river,Umiam River,387020793.0,5000.0,5000.0,True,True,True,OpenStreetMap via Overpass API,2026-09-05T21:40:21Z,local equirectangular point-to-polyline
BG_0280,26.54581163621021,94.33018756742985,3175.4915722127703,5047.460679773595,trunk,Mokokchung-Mariani Road,266780936.0,river,Tzurang-Bhogdoi,44721040.0,5000.0,15000.0,True,True,True,OpenStreetMap via Overpass API,2026-09-05T21:42:21Z,local equirectangular point-to-polyline
BG_0281,26.955923677793034,94.57385732650908,110.18007445448085,836.9032863296629,trunk,Assam Trunk Road,44719719.0,river,DIKHOW NODI,225961220.0,5000.0,5000.0,True,True,True,OpenStreetMap via Overpass API,2026-09-05T21:42:21Z,local equirectangular point-to-polyline
BG_0282,26.803286194895552,92.63463740869734,875.9176366202253,1317.1616405017048,secondary,,224647937.0,river,Gabharu Nadi,44734467.0,5000.0,5000.0,True,True,True,OpenStreetMap via Overpass API,2026-09-05T21:43:21Z,local equirectangular point-to-polyline
BG_0283,25.1077803260968,93.13011029492374,2415.841625378172,669.801252433563,primary,,1317723906.0,stream,Silkang Nadi,667052268.0,5000.0,5000.0,True,True,True,OpenStreetMap via Overpass API,2026-09-05T21:44:21Z,local equirectangular point-to-polyline
BG_0284,25.368190345547426,93.1455524699499,223.6852072258747,2861.852361661652,trunk,,843631889.0,river,Mupa River,1363686552.0,5000.0,5000.0,True,True,True,OpenStreetMap via Overpass API,2026-09-05T21:44:21Z,local equirectangular point-to-polyline
BG_0285,26.67108221430697,90.20457203557152,883.4515962876472,478.442198591357,track,,1390338078.0,stream,,1255182071.0,5000.0,5000.0,True,True,True,OpenStreetMap via Overpass API,2026-09-05T21:45:21Z,local equirectangular point-to-polyline
BG_0286,26.447491639270027,91.63540436297905,166.30365149802012,753.2424115105157,residential,,651862715.0,river,Baralia,228534811.0,5000.0,5000.0,True,True,True,OpenStreetMap via Overpass API,2026-09-05T21:46:21Z,local equirectangular point-to-polyline
BG_0287,22.050453843273225,92.67152577426548,1472.4157579396742,1982.176498323854,residential,,1352209189.0,river,Tuichawng,661363225.0,5000.0,5000.0,True,True,True,OpenStreetMap via Overpass API,2026-07-24T11:04:51Z,local equirectangular point-to-polyline
BG_0288,26.58130983253997,90.17280080960484,205.00116931895545,1005.0144657790628,unclassified,,1469109223.0,river,,228560105.0,5000.0,5000.0,True,True,True,OpenStreetMap via Overpass API,2026-05-06T03:25:00Z,local equirectangular point-to-polyline
BG_0289,26.46648142059043,90.60085125327032,1855.3960747762253,1092.387987503481,tertiary,,936514305.0,river,,226711253.0,5000.0,5000.0,True,True,True,OpenStreetMap via Overpass API,2026-07-26T20:16:06Z,local equirectangular point-to-polyline
BG_0290,26.456977184490352,93.2831225344648,5121.363556249808,6840.916521405436,service,,425103115.0,river,,1189863550.0,15000.0,15000.0,True,True,True,OpenStreetMap via Overpass API,2026-06-01T08:52:28Z,local equirectangular point-to-polyline
BG_0291,26.166892117808715,93.32531655388736,13300.179157939669,7627.404054079554,track,,1316220614.0,river,Langhit Nadi,329683841.0,15000.0,15000.0,True,True,True,OpenStreetMap via Overpass API,2026-09-05T22:02:37Z,local equirectangular point-to-polyline
BG_0292,25.0403620899617,93.67668094573358,157.4670328543335,1994.2739854070164,residential,,1452722792.0,stream,,1529368530.0,5000.0,5000.0,True,True,True,OpenStreetMap via Overpass API,2026-07-15T15:22:01Z,local equirectangular point-to-polyline
BG_0293,27.198509578839666,88.23978715808354,388.7173032025206,1397.8148074184182,unclassified,,576365852.0,stream,,577569288.0,5000.0,5000.0,True,True,True,OpenStreetMap via Overpass API,2026-07-24T11:04:51Z,local equirectangular point-to-polyline
BG_0294,26.290438983967192,92.14404468641672,66.37547798514385,2562.088210849623,residential,,969203657.0,canal,,1548334553.0,5000.0,5000.0,True,True,True,OpenStreetMap via Overpass API,2026-09-05T22:10:51Z,local equirectangular point-to-polyline
BG_0295,24.60659328090889,92.8025840882946,606.8570175190653,2270.317991667769,unclassified,,1057825072.0,river,Dalai River,668424884.0,5000.0,5000.0,True,True,True,OpenStreetMap via Overpass API,2026-07-26T20:16:06Z,local equirectangular point-to-polyline
BG_0296,26.751662669773435,90.25336765939856,4613.60879541326,2173.1931921018127,unclassified,,1413819458.0,stream,,1207504294.0,5000.0,5000.0,True,True,True,OpenStreetMap via Overpass API,2026-06-01T08:52:28Z,local equirectangular point-to-polyline
BG_0297,26.26109381665828,89.86469574068377,1266.1352629493813,345.2597570643733,trunk,,222979995.0,river,Godadhar,656332035.0,5000.0,5000.0,True,True,True,OpenStreetMap via Overpass API,2026-06-01T08:52:28Z,local equirectangular point-to-polyline
BG_0298,26.48326275577616,93.18455783162504,304.9069450536816,6082.872307983041,service,,423954151.0,stream,,1254519124.0,5000.0,15000.0,True,True,True,OpenStreetMap via Overpass API,2026-09-05T22:22:05Z,local equirectangular point-to-polyline
BG_0299,24.407830165003816,93.12346126143896,2698.1055618574023,412.87451259283984,unclassified,JT Road,1240238112.0,stream,,1538515565.0,5000.0,5000.0,True,True,True,OpenStreetMap via Overpass API,2026-09-05T22:26:05Z,local equirectangular point-to-polyline
BG_0300,23.925678671806413,92.8768910881524,1763.3724905440065,1378.4353904380553,track,,1062299055.0,stream,,310424650.0,5000.0,5000.0,True,True,True,OpenStreetMap via Overpass API,2026-05-31T22:37:44Z,local equirectangular point-to-polyline
BG_0301,23.59845781441231,93.40364455149444,64.70951941574002,606.3188036655616,unclassified,,1330961977.0,stream,,1331920645.0,5000.0,5000.0,True,True,True,OpenStreetMap via Overpass API,2026-05-06T03:25:00Z,local equirectangular point-to-polyline
BG_0302,27.793200391101387,88.42145192291542,10279.07852634847,687.9911553302965,unclassified,,899791271.0,stream,,1214545426.0,15000.0,5000.0,True,True,True,OpenStreetMap via Overpass API,2026-09-05T22:32:21Z,local equirectangular point-to-polyline
BG_0303,27.750891104147875,88.72091748134918,549.2799810929021,467.351649812985,tertiary,,117990939.0,stream,,1215122594.0,5000.0,5000.0,True,True,True,OpenStreetMap via Overpass API,2026-07-26T20:16:06Z,local equirectangular point-to-polyline
BG_0304,27.380674023826018,95.35379906751731,96.715420161607,1091.893424487106,residential,,990856772.0,canal,,743115363.0,5000.0,5000.0,True,True,True,OpenStreetMap via Overpass API,2026-07-15T15:22:01Z,local equirectangular point-to-polyline
BG_0305,26.571892382199245,91.28222200831657,663.29682683267,5709.808073756145,tertiary,,583915231.0,river,Kaldiya Nadi,226720356.0,5000.0,15000.0,True,True,True,OpenStreetMap via Overpass API,2026-07-15T15:22:01Z,local equirectangular point-to-polyline
BG_0306,22.264123334737263,92.90654429766592,806.7955516277767,893.8451811870319,secondary,,663793015.0,river,,661471872.0,5000.0,5000.0,True,True,True,OpenStreetMap via Overpass API,2026-09-05T22:45:32Z,local equirectangular point-to-polyline
BG_0307,27.639316180020685,88.28803422062064,13866.624689606217,2384.546500332708,track,,1216095925.0,stream,Umaram Chu,134410514.0,15000.0,5000.0,True,True,True,OpenStreetMap via Overpass API,2026-09-05T22:49:35Z,local equirectangular point-to-polyline
BG_0308,27.835728718934696,88.61072874245421,5871.4551199764,3725.578713355029,unclassified,,598490422.0,stream,,599010848.0,15000.0,5000.0,True,True,True,OpenStreetMap via Overpass API,2026-07-26T20:16:06Z,local equirectangular point-to-polyline
BG_0309,27.96365572583834,88.56213622391095,1459.1288892690702,1608.156593521743,tertiary,North Sikkim Highway,1219736542.0,river,Lachen Chu,293185705.0,5000.0,5000.0,True,True,True,OpenStreetMap via Overpass API,2026-07-15T15:22:01Z,local equirectangular point-to-polyline
BG_0310,25.36692739189463,93.97045537842654,1304.7137028948289,1507.0631932162282,unclassified,,1462820641.0,stream,,627605597.0,5000.0,5000.0,True,True,True,OpenStreetMap via Overpass API,2026-05-06T03:25:00Z,local equirectangular point-to-polyline
BG_0311,26.348346810236364,93.75206304840052,370.8256432637677,267.8704628801663,unclassified,,1510270622.0,river,Daigurung,824332026.0,5000.0,5000.0,True,True,True,OpenStreetMap via Overpass API,2026-09-05T23:00:41Z,local equirectangular point-to-polyline
BG_0312,26.58698096148023,92.33108860724616,1403.740927947685,617.1400615049633,unclassified,,1534625081.0,river,,1532688900.0,5000.0,5000.0,True,True,True,OpenStreetMap via Overpass API,2026-07-26T20:16:06Z,local equirectangular point-to-polyline
BG_0313,26.54161980271854,92.84579377839032,149.75230102693556,5455.268510042459,unclassified,,1380708086.0,river,een mogool,1359006856.0,5000.0,15000.0,True,True,True,OpenStreetMap via Overpass API,2026-09-05T23:06:51Z,local equirectangular point-to-polyline
BG_0314,25.99350158687292,92.4765479886545,1442.3641896905146,1515.3148220973076,unclassified,,1467145300.0,drain,,1467145293.0,5000.0,5000.0,True,True,True,OpenStreetMap via Overpass API,2026-05-06T03:25:00Z,local equirectangular point-to-polyline
BG_0315,26.462981142084946,90.98786015944232,363.2860869615895,1331.9150523756296,tertiary,,615622937.0,river,,226704965.0,5000.0,5000.0,True,True,True,OpenStreetMap via Overpass API,2026-07-24T11:04:51Z,local equirectangular point-to-polyline
BG_0316,27.437604373314947,94.33814172842524,138.9876003702863,2290.0956004047043,trunk,,69414710.0,river,,1082946991.0,5000.0,5000.0,True,True,True,OpenStreetMap via Overpass API,2026-07-26T22:14:06Z,local equirectangular point-to-polyline
BG_0317,23.39027810596018,92.6939235760304,3104.903016163975,1628.794286051058,unclassified,,1069472832.0,stream,,662497298.0,5000.0,5000.0,True,True,True,OpenStreetMap via Overpass API,2026-09-05T23:19:51Z,local equirectangular point-to-polyline
BG_0318,26.496414418908792,92.12611372278376,442.84284518641016,336.57205435510906,unclassified,,965128966.0,river,Tangla,226734911.0,5000.0,5000.0,True,True,True,OpenStreetMap via Overpass API,2026-05-06T03:25:00Z,local equirectangular point-to-polyline
BG_0319,25.33560342654713,93.3491099018863,916.6063516144252,1361.6033036455867,unclassified,,1364623499.0,stream,Digar Nadi,667636266.0,5000.0,5000.0,True,True,True,OpenStreetMap via Overpass API,2026-05-06T03:25:00Z,local equirectangular point-to-polyline
BG_0320,27.602361870653528,88.70537559602869,2650.4185952808903,1556.1125016820445,unclassified,,117990891.0,stream,,1214960201.0,5000.0,5000.0,True,True,True,OpenStreetMap via Overpass API,2026-07-26T22:14:06Z,local equirectangular point-to-polyline
BG_0321,23.22801311858899,92.86395372276594,775.001119593207,1326.5382282970882,track,,1388857967.0,river,,661234418.0,5000.0,5000.0,True,True,True,OpenStreetMap via Overpass API,2026-07-24T11:04:51Z,local equirectangular point-to-polyline
BG_0322,25.941094561158405,93.8329883659199,82.6624733506446,3741.403146832327,track,,1128431921.0,stream,,1459238648.0,5000.0,5000.0,True,True,True,OpenStreetMap via Overpass API,2026-07-15T15:22:01Z,local equirectangular point-to-polyline
BG_0323,24.152540087256348,92.0097985232053,1087.8287243637508,759.5354925203775,tertiary,,1312744952.0,river,Manu,226207289.0,5000.0,5000.0,True,True,True,OpenStreetMap via Overpass API,2026-05-06T03:25:00Z,local equirectangular point-to-polyline
BG_0324,23.57549184540994,91.58232315311056,5274.699933805408,3536.467755707616,trunk,,661774979.0,river,Gomati River,167237546.0,15000.0,5000.0,True,True,True,OpenStreetMap via Overpass API,2026-09-06T03:47:27Z,local equirectangular point-to-polyline
BG_0325,24.13841614414567,92.25977896912492,1208.6588498975168,6707.660943317947,unclassified,,385053284.0,river,,385092114.0,5000.0,15000.0,True,True,True,OpenStreetMap via Overpass API,2026-07-27T04:37:02Z,local equirectangular point-to-polyline
BG_0326,26.088891587874336,90.95648460301014,195.58866382380623,507.1009592276565,tertiary,,766084345.0,river,,766084343.0,5000.0,5000.0,True,True,True,OpenStreetMap via Overpass API,2026-06-01T08:52:28Z,local equirectangular point-to-polyline
BG_0327,24.45197929560469,93.21362625159657,9425.749934408153,3620.4766126236455,unclassified,,1104672433.0,river,Tuijang,666193727.0,15000.0,5000.0,True,True,True,OpenStreetMap via Overpass API,,local equirectangular point-to-polyline
BG_0328,23.120240300459628,92.81562712931552,539.5615556526942,3587.952331133198,unclassified,,1331968109.0,river,,661529972.0,5000.0,5000.0,True,True,True,OpenStreetMap via Overpass API,,local equirectangular point-to-polyline
BG_0329,23.271219164153987,92.97189743656116,1929.0278131711252,451.651955584589,track,,1369154391.0,river,Tuichang,661360868.0,5000.0,5000.0,True,True,True,OpenStreetMap via Overpass API,,local equirectangular point-to-polyline
BG_0330,23.522937726364745,92.64371765264823,1.1127496967504877,143.74699471703187,tertiary,,1067465702.0,river,Tlawng,1465337554.0,5000.0,5000.0,True,True,True,OpenStreetMap via Overpass API,,local equirectangular point-to-polyline
BG_0331,23.769778126164617,92.88472625040464,232.1050448555966,40.11797183187186,track,,1059143619.0,river,Twnni,310441889.0,5000.0,5000.0,True,True,True,OpenStreetMap via Overpass API,,local equirectangular point-to-polyline
BG_0332,24.045869749900664,92.61049187044006,1248.222911025568,445.984466878671,primary,,661014605.0,river,Tlawng,226207290.0,5000.0,5000.0,True,True,True,OpenStreetMap via Overpass API,,local equirectangular point-to-polyline
BG_0333,25.085432623508044,93.62403020636611,60.37979419345849,2942.5175351939297,residential,,1460335336.0,river,Irang River,198324594.0,5000.0,5000.0,True,True,True,OpenStreetMap via Overpass API,,local equirectangular point-to-polyline
BG_0334,23.81256718564816,93.19653836970886,66.84959056284121,206.26760625104436,unclassified,,1310852264.0,stream,,1324085601.0,5000.0,5000.0,True,True,True,OpenStreetMap via Overpass API,,local equirectangular point-to-polyline
BG_0335,23.94373270179324,93.18020474802368,1273.223285351714,97.67467148643942,track,,1326223323.0,stream,,1326223336.0,5000.0,5000.0,True,True,True,OpenStreetMap via Overpass API,,local equirectangular point-to-polyline
BG_0336,26.90304645668128,93.34877724749543,1605.4517858904462,1961.6105167152077,tertiary,,230203899.0,river,,230203920.0,5000.0,5000.0,True,True,True,OpenStreetMap via Overpass API,,local equirectangular point-to-polyline
BG_0337,24.149852895960542,94.00577069732272,1363.497154302589,7773.457528908766,unclassified,,1417446719.0,river,,385485446.0,5000.0,15000.0,True,True,True,OpenStreetMap via Overpass API,,local equirectangular point-to-polyline
BG_0338,24.984920175941784,94.0864989960672,405.0027281859763,401.5840253755206,tertiary,,1278633592.0,river,Khamenlok river,1278542751.0,5000.0,5000.0,True,True,True,OpenStreetMap via Overpass API,,local equirectangular point-to-polyline
BG_0339,25.27349111754129,93.69858019218206,1733.7828718512233,108.24603920375453,track,,1408650353.0,stream,Jaduki Nadi,391262665.0,5000.0,5000.0,True,True,True,OpenStreetMap via Overpass API,,local equirectangular point-to-polyline
BG_0340,25.063907182872484,93.54719388804156,2071.8768514584053,2363.2230318906627,unclassified,,1410568988.0,river,Damdui Vapi,680968884.0,5000.0,5000.0,True,True,True,OpenStreetMap via Overpass API,,local equirectangular point-to-polyline
BG_0341,24.41612440825542,93.90278690167432,448.45364507617245,5557.495425924711,unclassified,,618338813.0,river,Manipur River,227364935.0,5000.0,15000.0,True,True,True,OpenStreetMap via Overpass API,,local equirectangular point-to-polyline
BG_0342,26.901222561253995,94.57694367682228,41.69811242515044,1102.5753876577912,unclassified,,613110217.0,river,Mitong,462644013.0,5000.0,5000.0,True,True,True,OpenStreetMap via Overpass API,,local equirectangular point-to-polyline
BG_0343,26.79532427008361,93.76378743880966,1854.891068178896,449.76443349352024,residential,,1372688746.0,river,Brahmaputra,1533995089.0,5000.0,5000.0,True,True,True,OpenStreetMap via Overpass API,,local equirectangular point-to-polyline
BG_0344,26.27668525665923,91.25640074806908,38.86406070690882,4330.0470695090835,trunk,,289108124.0,river,Pagladia,908664108.0,5000.0,5000.0,True,True,True,OpenStreetMap via Overpass API,,local equirectangular point-to-polyline
BG_0345,27.274986696087364,95.89241186564328,2566.4378373437467,751.6122314739343,unclassified,,999241527.0,river,Tirap River,132967608.0,5000.0,5000.0,True,True,True,OpenStreetMap via Overpass API,,local equirectangular point-to-polyline
BG_0346,24.911235876021777,92.7259897515081,514.3212831658622,506.0434928451675,residential,,1057064920.0,river,Barāk River,168289364.0,5000.0,5000.0,True,True,True,OpenStreetMap via Overpass API,,local equirectangular point-to-polyline
BG_0347,24.08806433065854,94.20562763718053,1120.5014194131404,901.9809409753152,tertiary,,198322645.0,stream,Rangkep Lok,1547725659.0,5000.0,5000.0,True,True,True,OpenStreetMap via Overpass API,,local equirectangular point-to-polyline
BG_0348,26.38692743029392,93.58917547860648,1721.97352293185,1593.760505322533,track,,1313341462.0,river,Kaliyani,771969440.0,5000.0,5000.0,True,True,True,OpenStreetMap via Overpass API,,local equirectangular point-to-polyline
BG_0349,25.018768667923272,93.9126589934873,699.760480378138,754.607095906944,trunk,,389967191.0,river,Imphal River,385541095.0,5000.0,5000.0,True,True,True,OpenStreetMap via Overpass API,,local equirectangular point-to-polyline
BG_0350,26.613470541375136,91.72811837984986,2753786.832169084,677.8627006692185,track,,1084158797.0,canal,,424882196.0,5000.0,5000.0,True,True,True,OpenStreetMap via Overpass API,,local equirectangular point-to-polyline
BG_0351,24.753760957028017,93.67483674446645,487.44899903640703,599.4930369312586,unclassified,,1417694086.0,river,Tupul River,386807093.0,5000.0,5000.0,True,True,True,OpenStreetMap via Overpass API,,local equirectangular point-to-polyline
BG_0352,24.191305393870568,93.80084941183988,2232.2900859367696,2536.1259277333793,residential,,813231531.0,river,Manipur River,488916090.0,5000.0,5000.0,True,True,True,OpenStreetMap via Overpass API,,local equirectangular point-to-polyline
BG_0353,24.13494851508521,93.17035489030415,32.63398502264311,3255.437212551001,unclassified,,1465602949.0,stream,,1184451623.0,5000.0,5000.0,True,True,True,OpenStreetMap via Overpass API,,local equirectangular point-to-polyline
BG_0354,27.57669417503316,95.10874502985756,2922.306911095954,1496.5877262332087,residential,,715060073.0,river,Brahmaputra,169984534.0,5000.0,5000.0,True,True,True,OpenStreetMap via Overpass API,,local equirectangular point-to-polyline
BG_0355,24.790747280330187,94.43772216643907,3748.927841828402,568.5984015381404,unclassified,,1526643359.0,river,Maklang (Khong) River,1203304489.0,5000.0,5000.0,True,True,True,OpenStreetMap via Overpass API,,local equirectangular point-to-polyline
BG_0356,26.703055958209504,90.24671374586654,2314.468873668545,998.6939444729464,unclassified,,1300969047.0,river,Gouranga,665619461.0,5000.0,5000.0,True,True,True,OpenStreetMap via Overpass API,,local equirectangular point-to-polyline
BG_0357,26.24273436107187,92.32640503274337,74.513331983675,1973.4658128393899,track,,1467055767.0,river,,329481188.0,5000.0,5000.0,True,True,True,OpenStreetMap via Overpass API,,local equirectangular point-to-polyline
BG_0358,26.197796472464933,92.67384903184374,476.92264926052997,135.8253383355789,residential,,1516195184.0,river,Haria,329674236.0,5000.0,5000.0,True,True,True,OpenStreetMap via Overpass API,,local equirectangular point-to-polyline
BG_0359,24.23889395088713,94.14871777639236,262.25541440372433,779.382395108709,track,,455294376.0,river,Tuta Lok,169977260.0,5000.0,5000.0,True,True,True,OpenStreetMap via Overpass API,,local equirectangular point-to-polyline
BG_0360,23.88846104661544,92.54878730619497,3425.735422727644,2332.5187385083664,track,,1132667392.0,river,Tut,197997792.0,5000.0,5000.0,True,True,True,OpenStreetMap via Overpass API,,local equirectangular point-to-polyline
BG_0361,25.141125121574472,93.76310782634602,1575.7557996071585,1094.091938420106,residential,,1436785084.0,river,Lāngka Nadi,198324596.0,5000.0,5000.0,True,True,True,OpenStreetMap via Overpass API,,local equirectangular point-to-polyline
BG_0362,27.680480062103182,88.4717839910091,8887.565535308479,2420.6412596975806,unclassified,,1214563891.0,river,Ringi Chu,134410519.0,15000.0,5000.0,True,True,True,OpenStreetMap via Overpass API,,local equirectangular point-to-polyline
BG_0363,27.423797426516945,88.14933752978543,8268.008548486649,2356.5005275445033,unclassified,,598293422.0,river,Rathong Chu,27915665.0,15000.0,5000.0,True,True,True,OpenStreetMap via Overpass API,,local equirectangular point-to-polyline
BG_0364,24.048965965814563,93.89367544717092,5536.7821013197845,3280.0992110662896,unclassified,,1189764777.0,river,Tuingam,198312359.0,15000.0,5000.0,True,True,True,OpenStreetMap via Overpass API,,local equirectangular point-to-polyline
BG_0365,24.916906077915023,93.33491770115046,809.0111608042812,3318.1770357343785,unclassified,,1387882016.0,river,Makru River,27919453.0,5000.0,5000.0,True,True,True,OpenStreetMap via Overpass API,,local equirectangular point-to-polyline
BG_0366,24.67577664163224,94.40525882953014,7.513254007556514,1819.5400967192722,unclassified,,1070975491.0,river,Tuyungbi Turel,1380056323.0,5000.0,5000.0,True,True,True,OpenStreetMap via Overpass API,,local equirectangular point-to-polyline
BG_0367,23.11974987004149,92.8622119710119,2909.2518173402036,65.8178392030106,trunk,,237583908.0,river,,40478155.0,5000.0,5000.0,True,True,True,OpenStreetMap via Overpass API,,local equirectangular point-to-polyline
BG_0368,23.673653442603403,91.21794586963264,33.882640948994954,2122.4844114208436,track,,1135024403.0,river,,663417743.0,5000.0,5000.0,True,True,True,OpenStreetMap via Overpass API,,local equirectangular point-to-polyline
BG_0369,24.088085624025634,92.10367963502938,3162.869649586421,5424.561231108269,residential,,837554166.0,river,,226207294.0,5000.0,15000.0,True,True,True,OpenStreetMap via Overpass API,,local equirectangular point-to-polyline
BG_0370,23.85780837753273,92.03142989004688,2974.023490997548,819.1879985984762,tertiary,,1465299674.0,river,Manu,385125251.0,5000.0,5000.0,True,True,True,OpenStreetMap via Overpass API,,local equirectangular point-to-polyline
BG_0371,27.88645916562333,88.38418056513244,603.2383489386206,926.7297197228489,unclassified,,899791271.0,river,Goma Chu,193281483.0,5000.0,5000.0,True,True,True,OpenStreetMap via Overpass API,,local equirectangular point-to-polyline
BG_0372,25.51848640510125,94.51335592382767,1883.4135332560365,421.82894394767675,unclassified,,1462680177.0,stream,,329671315.0,5000.0,5000.0,True,True,True,OpenStreetMap via Overpass API,,local equirectangular point-to-polyline
BG_0373,22.838447619656623,93.02764493505114,772.0972875842463,3489.3340456737687,unclassified,,1369131845.0,river,,661477222.0,5000.0,5000.0,True,True,True,OpenStreetMap via Overpass API,,local equirectangular point-to-polyline
BG_0374,27.643283640797573,88.1752878115428,24132.756224305118,6221.373293273493,track,,1216096788.0,stream,,134410523.0,30000.0,15000.0,True,True,True,OpenStreetMap via Overpass API,,local equirectangular point-to-polyline
BG_0375,27.84331150183029,88.49295991541865,4777.400157992306,1169.8589633471306,unclassified,,1215121669.0,stream,,1214471586.0,5000.0,5000.0,True,True,True,OpenStreetMap via Overpass API,,local equirectangular point-to-polyline
BG_0376,27.94353791690872,88.49576252246484,3781.109489819868,582.2173383251779,unclassified,,599016165.0,river,,1214346397.0,5000.0,5000.0,True,True,True,OpenStreetMap via Overpass API,,local equirectangular point-to-polyline
BG_0377,27.44273199452474,88.2378834818042,7215.101522576467,990.9321881502397,tertiary,,466012113.0,stream,,466012391.0,15000.0,5000.0,True,True,True,OpenStreetMap via Overpass API,,local equirectangular point-to-polyline
BG_0378,27.519427877562293,88.74740633680099,5151.013671217246,1348.9750220917274,unclassified,,1332507115.0,stream,,134410500.0,15000.0,5000.0,True,True,True,OpenStreetMap via Overpass API,,local equirectangular point-to-polyline
BG_0379,28.00692166031143,88.708034062364,2332.667272696655,3135.79102685486,track,,949084145.0,stream,,193276717.0,5000.0,5000.0,True,True,True,OpenStreetMap via Overpass API,,local equirectangular point-to-polyline
BG_0380,26.833573861722023,93.47611186331372,255.05873538963635,3693.886666071247,unclassified,,222790894.0,river,,1150702782.0,5000.0,5000.0,True,True,True,OpenStreetMap via Overpass API,,local equirectangular point-to-polyline
BG_0381,23.85182788493253,92.31436468713656,5195.8230059703565,1338.003534254256,secondary,,385053281.0,river,,385092115.0,15000.0,5000.0,True,True,True,OpenStreetMap via Overpass API,,local equirectangular point-to-polyline
