feature,class,rows,missing,missing_pct,mean,median,q25,q75,min,max,top_values
elevation_m,positive,381,0,0.0,817.3875975020601,690.4821166992188,122.10775756835938,1276.2493896484375,18.03086853027344,4007.63134765625,
elevation_m,background,381,0,0.0,1218.19506309289,558.6339111328125,106.68302154541016,1266.179931640625,13.609100341796877,7080.9453125,
slope_deg,positive,381,0,0.0,18.583883967784566,17.177408343254566,6.591679958441543,29.581734258968744,0.0,52.99269625343474,
slope_deg,background,381,0,0.0,17.9847392915373,17.799699796200382,3.9750073284056575,28.77168860046611,0.0,68.42803434027783,
aspect_sin,positive,381,1,0.26246719160104987,-0.020273490892431526,-0.031234303377290402,-0.807492597080651,0.706229945168533,-0.9999750868149944,0.9999682825647696,
aspect_sin,background,381,5,1.3123359580052494,-0.011688338910229535,0.01512056850899415,-0.7646800309339101,0.6836587121412441,-1.0,0.9999994774170164,
aspect_cos,positive,381,1,0.26246719160104987,-0.026673343890782686,-0.042947618818113695,-0.7072613536935184,0.6078313270940248,-1.0,1.0,
aspect_cos,background,381,5,1.3123359580052494,-0.043531721997918514,-0.03756491129754235,-0.7271432515138515,0.5959512326118854,-0.9999999763001745,0.9998345629649212,
curvature_1_per_m,positive,381,0,0.0,-0.0001270683693310646,0.0001063875202327,-0.0042093237321173,0.0039226688237729,-0.024504894193674,0.0212174655045367,
curvature_1_per_m,background,381,0,0.0,-0.0005387169876421422,-4.46817054279306e-05,-0.0034670183235975,0.0027508532824449,-0.041082053961471,0.0267175532051654,
rainfall_24h_mm,positive,381,0,0.0,21.34524934383202,11.42,5.24,25.86,0.0,160.51,
rainfall_24h_mm,background,381,0,0.0,17.239632545931755,10.6,4.58,22.09,0.0,153.08,
rainfall_72h_mm,positive,381,0,0.0,65.16635170603674,43.940000000000005,20.040000000000003,88.53,0.0,257.87,
rainfall_72h_mm,background,381,0,0.0,51.96259842519685,40.01,17.23,75.4,0.06,243.17,
rainfall_7d_mm,positive,381,0,0.0,119.65769028871391,102.98,53.8,163.19,0.01,428.0,
rainfall_7d_mm,background,381,0,0.0,97.22288713910761,84.83,47.44,128.68,0.1,342.94,
land_cover,positive,381,0,0.0,,,,,,,"{""Tree cover"": 240, ""Built-up"": 74, ""Grassland"": 39, ""Cropland"": 26, ""Bare / sparse vegetation"": 1, ""Permanent water bodies"": 1}"
land_cover,background,381,0,0.0,,,,,,,"{""Tree cover"": 250, ""Cropland"": 55, ""Grassland"": 25, ""Snow and ice"": 17, ""Moss and lichen"": 11, ""Bare / sparse vegetation"": 11, ""Permanent water bodies"": 9, ""Built-up"": 2, ""Herbaceous wetland"": 1}"
ndvi_model_value,positive,381,254,66.66666666666666,0.701548031496063,0.7232000000000001,0.5946,0.82715,0.2983,0.9469,
ndvi_model_value,background,381,250,65.61679790026247,0.6811801526717557,0.7906000000000001,0.5968500000000001,0.8646,-0.0634,0.9419,
ndvi_missing,positive,381,0,0.0,0.6666666666666666,1.0,0.0,1.0,0.0,1.0,
ndvi_missing,background,381,0,0.0,0.6561679790026247,1.0,0.0,1.0,0.0,1.0,
soil_moisture_surface_m3_m3,positive,381,0,0.0,0.44319947506561674,0.429,0.423,0.477,0.18,0.508,
soil_moisture_surface_m3_m3,background,381,0,0.0,0.4337244094488189,0.426,0.418,0.467,0.147,0.506,
soil_moisture_7_28cm_m3_m3,positive,381,0,0.0,0.44752755905511804,0.43,0.424,0.488,0.189,0.505,
soil_moisture_7_28cm_m3_m3,background,381,0,0.0,0.4360708661417323,0.427,0.418,0.475,0.144,0.504,
soil_moisture_28_100cm_m3_m3,positive,381,0,0.0,0.4396010498687664,0.428,0.419,0.482,0.213,0.517,
soil_moisture_28_100cm_m3_m3,background,381,0,0.0,0.4241391076115486,0.427,0.41,0.474,0.098,0.517,
soil_moisture_0_100cm_m3_m3,positive,381,0,0.0,0.4415354330708661,0.429,0.42,0.484,0.206,0.509,
soil_moisture_0_100cm_m3_m3,background,381,0,0.0,0.42729658792650915,0.427,0.413,0.476,0.143,0.511,
soil_moisture_surface_3d_mean_m3_m3,positive,381,0,0.0,0.44327996500437444,0.4286666666666667,0.421,0.4783333333333333,0.1723333333333333,0.502,
soil_moisture_surface_3d_mean_m3_m3,background,381,0,0.0,0.43350218722659667,0.4253333333333333,0.4173333333333333,0.4733333333333333,0.1363333333333333,0.5023333333333333,
soil_moisture_surface_7d_mean_m3_m3,positive,381,0,0.0,0.4395414323209598,0.427,0.4175714285714286,0.4762857142857143,0.1712857142857143,0.4924285714285715,
soil_moisture_surface_7d_mean_m3_m3,background,381,0,0.0,0.4293352080989876,0.4238571428571429,0.4137142857142857,0.4688571428571428,0.1368571428571428,0.4904285714285714,
soil_moisture_surface_anomaly_vs_7d,positive,381,0,0.0,0.0036580427446569084,0.0015714285714285,-0.0032857142857142,0.0085714285714285,-0.0385714285714285,0.1498571428571428,
soil_moisture_surface_anomaly_vs_7d,background,381,0,0.0,0.0043892013498312635,0.0014285714285713,-0.0035714285714285,0.0094285714285713,-0.0357142857142856,0.1404285714285714,
distance_to_road_m,positive,381,1,0.26246719160104987,466.3410389463253,69.99019859519618,18.77650726584182,340.84458919648137,0.089685999746297,8091.227250585504,
distance_to_road_m,background,381,0,0.0,9712.900998060679,1120.5014194131404,334.039320553988,3162.869649586421,1.1127496967504875,2753786.832169084,
distance_to_river_m,positive,381,1,0.26246719160104987,1685.4597476412346,1150.057101694439,489.42138232012064,2347.3535914618324,13.72677133683401,11342.137928507882,
distance_to_river_m,background,381,0,0.0,2000.8582198758113,1347.796656607344,599.8669373200994,2789.76602976,14.052786203925493,10520.707635882767,
